Zipcode,Dispensary Count,Patient Count,Latitude,Longitude
15001,1,1838,40.61,-80.25
15003,0,980,40.59,-80.22
15004,0,33,40.34,-80.38
15005,0,592,40.63,-80.22
15006,0,21,40.63,-79.88
15007,0,25,40.65,-79.93
15009,0,754,40.69,-80.3
15010,0,1573,40.76,-80.32
15012,0,743,40.12,-79.86
15014,0,208,40.61,-79.74
15015,0,50,40.63,-80.08
15017,0,1032,40.35,-80.1
15018,0,41,40.27,-79.8
15019,0,64,40.42,-80.35
15020,0,11,40.23,-79.95
15021,0,312,40.38,-80.39
15022,0,553,40.13,-79.9
15024,0,512,40.54,-79.8
15025,0,889,40.29,-79.88
15026,0,207,40.51,-80.34
15027,0,144,40.66,-80.24
15028,0,9,40.31,-79.79
15030,0,81,40.58,-79.78
15031,0,30,40.35,-80.16
15032,0,5,40.64,-79.84
15033,0,277,40.17,-79.86
15034,0,127,40.35,-79.89
15035,0,163,40.38,-79.81
15037,0,547,40.27,-79.88
15038,0,6,40.25,-79.93
15042,0,458,40.68,-80.25
15043,0,78,40.64,-80.49
15044,1,1527,40.63,-79.94
15045,0,261,40.32,-79.88
15046,0,150,40.55,-80.23
15047,0,32,40.31,-79.8
15049,0,68,40.56,-79.81
15050,0,90,40.59,-80.47
15051,0,45,40.57,-79.86
15052,0,144,40.65,-80.4
15053,0,10,40.38,-80.36
15054,0,28,40.36,-80.4
15055,0,62,40.31,-80.12
15056,0,73,40.56,-80.21
15057,0,867,40.37,-80.23
15059,0,209,40.63,-80.45
15060,0,59,40.37,-80.29
15061,0,787,40.68,-80.27
15062,0,396,40.15,-79.88
15063,0,662,40.19,-79.92
15064,0,34,40.36,-80.15
15065,0,641,40.64,-79.73
15066,0,762,40.73,-80.3
15067,0,96,40.2,-79.95
15068,2,2228,40.56,-79.75
15071,0,716,40.39,-80.18
15072,0,9,40.14,-79.86
15074,0,623,40.7,-80.28
15075,0,15,40.59,-79.83
15076,0,82,40.61,-79.84
15077,0,17,40.62,-80.42
15078,0,24,40.36,-80.38
15081,0,32,40.58,-80.24
15082,0,17,40.38,-80.21
15083,0,60,40.26,-79.79
15084,0,621,40.6,-79.76
15085,0,460,40.38,-79.75
15086,0,25,40.67,-80.11
15087,0,14,40.19,-79.85
15088,0,31,40.27,-79.9
15089,0,318,40.2,-79.76
15090,0,1123,40.63,-80.05
15091,0,2,40.57,-79.95
15101,0,1384,40.57,-79.95
15102,1,1601,40.32,-80.03
15104,0,458,40.4,-79.86
15106,0,1318,40.4,-80.08
15108,0,2278,40.51,-80.16
15110,0,174,40.37,-79.85
15112,0,193,40.4,-79.84
15116,0,709,40.52,-79.95
15120,0,1224,40.4,-79.9
15122,0,1145,40.36,-79.9
15126,0,502,40.45,-80.25
15127,0,3,40.56,-80.02
15129,0,579,40.29,-79.99
15131,0,459,40.34,-79.8
15132,0,1058,40.33,-79.83
15133,0,425,40.33,-79.86
15134,0,6,40.33,-79.83
15135,0,262,40.31,-79.81
15136,0,1446,40.47,-80.1
15137,0,632,40.37,-79.8
15139,0,436,40.52,-79.84
15140,0,214,40.41,-79.78
15142,0,106,40.38,-80.12
15143,0,1005,40.57,-80.15
15144,0,328,40.55,-79.78
15145,0,442,40.42,-79.82
15146,2,1652,40.42,-79.76
15147,0,1168,40.5,-79.84
15148,0,173,40.39,-79.81
15201,1,1212,40.48,-79.94
15202,0,1527,40.51,-80.07
15203,1,912,40.43,-79.97
15204,0,511,40.46,-80.06
15205,1,1650,40.44,-80.1
15206,1,1955,40.47,-79.91
15207,0,772,40.4,-79.93
15208,0,486,40.45,-79.9
15209,0,847,40.5,-79.97
15210,0,1642,40.41,-79.98
15211,0,991,40.43,-80.02
15212,1,2188,40.46,-79.99
15213,0,804,40.44,-79.96
15214,0,997,40.49,-80.01
15215,0,869,40.5,-79.91
15216,1,1873,40.4,-80.03
15217,1,1499,40.43,-79.92
15218,0,1138,40.42,-79.89
15219,0,620,40.44,-79.98
15220,0,1046,40.42,-80.05
15221,0,2011,40.44,-79.86
15222,1,445,40.45,-79.99
15223,0,609,40.51,-79.95
15224,0,866,40.46,-79.94
15225,0,108,40.51,-80.11
15226,0,1215,40.4,-80.01
15227,0,1804,40.38,-79.97
15228,0,984,40.37,-80.04
15229,0,1050,40.52,-80.04
15230,0,3,40.43,-79.97
15232,1,627,40.45,-79.93
15233,0,209,40.46,-80.03
15234,0,1025,40.37,-80.02
15235,0,2305,40.46,-79.82
15236,1,1737,40.35,-79.98
15237,1,2480,40.55,-80.04
15238,1,697,40.54,-79.88
15239,0,1275,40.48,-79.74
15241,0,998,40.33,-80.08
15243,0,690,40.38,-80.07
15275,1,0,40.45,-80.18
15301,2,2937,40.17,-80.24
15310,0,11,39.82,-80.45
15311,0,47,40.05,-80.2
15312,0,144,40.28,-80.47
15313,0,14,40.07,-80.02
15314,0,211,40.11,-80
15315,0,11,39.75,-79.98
15316,0,4,39.76,-80.27
15317,0,2512,40.26,-80.18
15320,0,218,39.89,-79.97
15321,0,114,40.32,-80.19
15322,0,101,39.97,-80.04
15323,0,175,40.12,-80.41
15324,0,56,40.1,-80.07
15325,0,22,39.95,-79.96
15327,0,47,39.75,-79.99
15329,0,56,40.02,-80.25
15330,0,273,40.18,-80.13
15331,0,67,40.1,-80.02
15332,0,420,40.25,-80
15333,0,138,40.02,-80.03
15334,0,6,39.81,-79.97
15336,0,8,40.26,-80
15337,0,17,39.95,-80.38
15338,0,68,39.84,-79.98
15340,0,50,40.3,-80.32
15341,0,30,39.84,-80.34
15342,0,335,40.25,-80.21
15344,0,68,39.93,-80.05
15345,0,80,40.01,-80.11
15346,0,37,39.94,-80.08
15347,0,49,40.22,-80.22
15348,0,19,39.99,-80
15349,0,45,39.75,-80.11
15350,0,44,40.29,-80.2
15351,0,52,39.88,-79.92
15352,0,34,39.75,-80.45
15357,0,50,39.94,-79.99
15358,0,44,40.05,-80
15359,0,5,39.88,-80.28
15360,0,93,40.08,-80.07
15361,0,8,40.33,-80.26
15362,0,17,39.78,-80.22
15363,0,51,40.25,-80.2
15364,0,27,39.95,-80.3
15365,0,3,40.16,-80.39
15366,0,12,40.16,-79.97
15367,0,396,40.26,-80.05
15368,0,30,40.01,-79.99
15370,0,403,39.89,-80.18
15376,0,64,40.1,-80.5
15377,0,38,39.99,-80.45
15378,0,5,40.28,-80.27
15379,0,7,40.24,-80.43
15380,0,9,39.88,-80.46
15401,1,1408,39.89,-79.72
15410,0,41,39.91,-79.9
15411,0,23,39.74,-79.33
15412,0,6,40.09,-79.85
15413,0,15,39.99,-79.87
15416,0,20,39.86,-79.72
15417,0,344,40.01,-79.89
15419,0,114,40.06,-79.89
15420,0,11,39.96,-79.87
15421,0,26,39.85,-79.6
15422,0,13,39.98,-79.81
15423,0,79,40.09,-79.93
15424,0,74,39.8,-79.35
15425,0,688,40.01,-79.58
15427,0,76,40.07,-79.97
15428,0,67,40.08,-79.68
15429,0,9,40,-79.94
15430,0,7,40.04,-79.65
15431,0,142,39.97,-79.61
15432,0,11,40.11,-79.86
15433,0,21,39.98,-79.96
15434,0,12,40.08,-79.88
15435,0,28,39.94,-79.85
15436,0,109,39.82,-79.75
15437,0,96,39.78,-79.61
15438,0,107,40.1,-79.83
15439,0,2,39.74,-79.81
15442,0,108,40.01,-79.83
15443,0,8,39.92,-79.88
15444,0,21,40.01,-79.91
15445,0,121,39.87,-79.7
15446,0,23,40.03,-79.39
15447,0,3,39.94,-79.94
15448,0,4,40.14,-79.73
15449,0,28,39.96,-79.78
15450,0,19,40.01,-79.98
15451,0,31,39.74,-79.84
15454,0,4,39.86,-79.87
15455,0,4,40,-79.64
15456,0,128,39.92,-79.64
15458,0,47,39.88,-79.86
15459,0,61,39.73,-79.45
15460,0,3,39.81,-79.91
15461,0,144,39.84,-79.9
15462,0,26,40.06,-79.38
15464,0,46,39.96,-79.45
15465,0,7,39.94,-79.64
15466,0,28,40.08,-79.89
15468,0,87,39.95,-79.83
15469,0,82,40.01,-79.42
15470,0,45,39.87,-79.53
15472,0,8,39.92,-79.72
15473,0,95,40.08,-79.75
15474,0,84,39.73,-79.9
15475,0,46,39.96,-79.88
15476,0,8,39.87,-79.92
15477,0,25,40.08,-79.86
15478,0,278,39.8,-79.8
15479,0,44,40.15,-79.74
15480,0,68,39.99,-79.75
15482,0,32,40.06,-79.77
15483,0,21,40.08,-79.85
15484,0,6,39.89,-79.78
15486,0,90,40.03,-79.66
15488,0,7,39.98,-79.76
15489,0,11,39.97,-79.7
15490,0,7,40.07,-79.42
15492,0,6,40.12,-79.76
15501,0,609,40,-79.07
15502,0,21,40.03,-79.24
15510,0,3,39.96,-79.04
15520,0,8,40.11,-79.06
15521,0,78,40.19,-78.62
15522,0,567,40.01,-78.5
15530,0,101,39.92,-78.95
15531,0,174,40.16,-79.02
15533,0,82,39.99,-78.24
15534,0,42,39.9,-78.69
15535,0,75,39.91,-78.37
15536,0,18,39.93,-78.21
15537,0,401,40.01,-78.36
15538,0,20,39.89,-78.83
15539,0,26,40.13,-78.59
15540,0,10,39.8,-79.24
15541,0,110,40.04,-79
15542,0,51,39.86,-79.06
15544,0,14,40.13,-79.1
15545,0,39,39.82,-78.72
15546,0,32,40.14,-79.05
15547,0,15,40.16,-79.06
15550,0,103,40,-78.59
15551,0,11,39.87,-79.29
15552,0,137,39.81,-79.02
15553,0,7,39.98,-78.77
15554,0,100,40.1,-78.64
15555,0,12,40.1,-79.08
15557,0,104,39.91,-79.15
15558,0,31,39.75,-79.08
15559,0,53,40.04,-78.64
15560,0,18,40.02,-78.91
15561,0,2,40.09,-79.09
15563,0,115,40.1,-78.95
15565,0,2,39.76,-79.12
15601,3,3516,40.31,-79.54
15610,0,158,40.15,-79.42
15611,0,28,40.31,-79.65
15612,0,18,40.14,-79.6
15613,0,660,40.58,-79.56
15615,0,12,40.36,-79.73
15616,0,5,40.23,-79.56
15617,0,23,40.27,-79.66
15618,0,125,40.52,-79.47
15619,0,31,40.32,-79.5
15620,0,64,40.32,-79.34
15622,0,52,40.04,-79.32
15623,0,48,40.37,-79.62
15624,0,15,40.36,-79.47
15625,0,10,40.27,-79.68
15626,0,306,40.41,-79.57
15627,0,401,40.33,-79.3
15628,0,24,40.11,-79.38
15629,0,50,40.6,-79.56
15631,0,31,40.09,-79.58
15632,0,472,40.41,-79.62
15633,0,12,40.36,-79.52
15634,0,53,40.33,-79.61
15635,0,35,40.35,-79.5
15636,0,144,40.37,-79.66
15637,0,128,40.26,-79.71
15638,0,17,40.26,-79.4
15639,0,95,40.2,-79.61
15640,0,17,40.22,-79.73
15641,0,39,40.63,-79.59
15642,1,2459,40.32,-79.69
15644,0,1088,40.33,-79.62
15646,0,7,40.1,-79.34
15647,0,22,40.34,-79.72
15650,1,1646,40.31,-79.38
15655,0,34,40.19,-79.16
15656,0,593,40.63,-79.6
15658,0,403,40.24,-79.23
15660,0,13,40.25,-79.77
15661,0,33,40.32,-79.36
15662,0,15,40.33,-79.48
15663,0,20,40.24,-79.67
15665,0,79,40.34,-79.66
15666,0,677,40.15,-79.54
15668,0,601,40.46,-79.67
15670,0,177,40.39,-79.41
15671,0,38,40.36,-79.32
15672,0,160,40.22,-79.6
15673,0,72,40.59,-79.56
15674,0,16,40.21,-79.5
15675,0,86,40.34,-79.64
15676,0,28,40.24,-79.47
15677,0,25,40.14,-79.24
15678,0,40,40.29,-79.73
15679,0,144,40.15,-79.63
15680,0,10,40.52,-79.5
15681,0,289,40.48,-79.44
15682,0,3,40.68,-79.64
15683,0,342,40.1,-79.58
15684,0,54,40.46,-79.5
15685,0,11,40.18,-79.49
15686,0,29,40.62,-79.44
15687,0,45,40.13,-79.29
15688,0,32,40.17,-79.58
15689,0,5,40.23,-79.49
15690,0,587,40.59,-79.57
15691,0,3,40.3,-79.68
15692,0,76,40.33,-79.68
15693,0,14,40.25,-79.41
15695,0,20,40.2,-79.69
15696,0,12,40.28,-79.37
15697,0,232,40.24,-79.58
15698,0,35,40.21,-79.68
15701,1,1354,40.62,-79.15
15710,0,11,40.64,-78.87
15711,0,15,41.01,-78.96
15713,0,18,40.57,-79.26
15714,0,274,40.66,-78.78
15715,0,53,40.97,-78.88
15716,0,20,40.47,-79.19
15717,0,582,40.43,-79.26
15721,0,5,40.81,-78.78
15722,0,81,40.6,-78.7
15723,0,4,40.7,-79.16
15724,0,65,40.72,-78.8
15725,0,51,40.49,-79.36
15727,0,17,40.56,-79.31
15728,0,126,40.66,-79.01
15729,0,35,40.69,-78.9
15730,0,5,41.06,-79.09
15731,0,5,40.5,-79.17
15732,0,59,40.68,-79.19
15733,0,5,40.99,-78.96
15734,0,11,40.72,-79.01
15736,0,12,40.69,-79.34
15737,0,21,40.6,-78.76
15738,0,6,40.69,-78.76
15739,0,26,40.68,-79.16
15741,0,6,40.8,-78.89
15742,0,52,40.81,-78.83
15744,0,3,40.92,-79.08
15745,0,13,40.62,-78.92
15746,0,5,40.76,-78.89
15747,0,73,40.78,-79.15
15748,0,254,40.53,-79.15
15750,0,17,40.48,-79.18
15752,0,2,40.54,-79.28
15753,0,12,40.81,-78.62
15754,0,32,40.56,-79.15
15757,0,51,40.87,-78.72
15759,0,53,40.77,-79.04
15760,0,5,40.64,-78.81
15761,0,7,40.63,-78.89
15762,0,13,40.59,-78.83
15764,0,2,40.99,-79.03
15765,0,52,40.6,-78.99
15767,0,765,40.94,-78.97
15770,0,7,41.01,-79.14
15771,0,35,40.82,-79
15772,0,63,40.86,-78.94
15773,0,27,40.63,-78.74
15774,0,107,40.65,-79.3
15776,0,2,41.01,-79.11
15777,0,2,40.7,-78.96
15778,0,10,40.97,-79.2
15779,0,20,40.39,-79.22
15780,0,7,40.91,-79.07
15781,0,9,40.96,-78.99
15783,0,2,40.6,-79.35
15784,0,11,41.02,-79.14
15801,1,1400,41.14,-78.73
15821,0,13,41.35,-78.37
15823,0,70,41.27,-78.73
15824,0,241,41.24,-78.79
15825,1,653,41.16,-79.08
15827,0,28,41.29,-78.51
15828,0,41,41.32,-79.14
15829,0,50,41.18,-79.2
15831,0,27,41.35,-78.6
15832,0,14,41.34,-78.13
15834,0,157,41.51,-78.23
15840,0,127,41.14,-78.8
15841,0,12,41.26,-78.5
15845,0,169,41.49,-78.67
15846,0,155,41.32,-78.6
15847,0,14,41.09,-79.03
15848,0,22,41.03,-78.74
15849,0,88,41.21,-78.6
15851,0,458,41.09,-78.88
15853,0,422,41.42,-78.72
15856,0,32,41.08,-78.66
15857,0,618,41.42,-78.55
15860,0,73,41.28,-79.12
15861,0,9,41.38,-78.05
15863,0,19,41.01,-78.84
15864,0,142,41.1,-79.2
15865,0,94,41.05,-78.81
15866,0,12,41.02,-78.78
15868,0,64,41.26,-78.49
15870,0,67,41.58,-78.68
15901,2,233,40.33,-78.91
15902,0,625,40.32,-78.91
15904,0,583,40.31,-78.84
15905,0,1100,40.29,-78.97
15906,0,598,40.38,-78.96
15907,0,6,40.32,-78.91
15909,0,236,40.41,-78.87
15920,0,28,40.47,-79.05
15921,0,31,40.32,-78.7
15922,0,28,40.52,-78.88
15923,0,63,40.39,-79.15
15924,0,45,40.1,-78.76
15925,0,13,40.41,-78.64
15926,0,97,40.05,-78.82
15927,0,40,40.54,-78.78
15928,0,61,40.23,-78.93
15930,0,5,40.29,-78.72
15931,0,344,40.48,-78.72
15934,0,4,40.28,-78.8
15935,0,106,40.24,-78.96
15936,0,68,40.15,-78.91
15937,0,43,40.21,-78.98
15938,0,143,40.42,-78.62
15940,0,53,40.5,-78.63
15942,0,73,40.38,-78.82
15943,0,150,40.47,-78.83
15944,0,101,40.37,-79.07
15945,0,5,40.36,-78.87
15946,0,300,40.38,-78.67
15948,0,16,40.49,-78.76
15949,0,38,40.41,-79.13
15951,0,25,40.33,-78.77
15952,0,48,40.3,-78.78
15953,0,3,40.21,-78.89
15954,0,94,40.41,-79.02
15955,0,67,40.31,-78.69
15956,0,132,40.36,-78.79
15957,0,18,40.55,-78.9
15958,0,35,40.39,-78.73
15959,0,2,40.27,-78.92
15960,0,25,40.5,-78.85
15961,0,33,40.47,-78.91
15962,0,12,40.39,-78.72
15963,0,432,40.23,-78.82
16001,1,2494,40.86,-79.89
16002,0,643,40.82,-79.86
16003,0,5,40.86,-79.89
16020,0,52,41.11,-79.9
16022,0,33,41.05,-79.73
16023,0,196,40.78,-79.75
16024,0,29,40.74,-80.04
16025,0,173,40.94,-79.74
16027,0,17,40.82,-80.02
16028,0,90,40.98,-79.61
16029,0,38,40.88,-79.85
16030,0,8,41.13,-79.79
16033,0,378,40.76,-80.05
16034,0,72,40.85,-79.75
16035,0,7,41.11,-80.01
16036,0,2,41.14,-79.68
16037,0,314,40.8,-80.12
16038,0,93,41.13,-80.01
16039,0,6,40.83,-79.79
16040,0,30,41.1,-79.83
16041,0,76,40.99,-79.72
16045,0,97,40.85,-79.92
16046,0,869,40.69,-80.01
16049,0,115,41.09,-79.68
16050,0,64,41.04,-79.76
16051,0,113,40.92,-80.14
16052,0,103,40.9,-80.04
16053,0,223,40.8,-79.98
16054,0,29,41.16,-79.65
16055,0,401,40.73,-79.73
16056,0,291,40.75,-79.81
16057,0,526,41.07,-80.06
16059,0,487,40.71,-79.93
16061,0,105,41,-79.89
16063,1,485,40.78,-80.14
16066,4,1660,40.71,-80.1
16101,2,1853,40.99,-80.34
16102,0,236,40.96,-80.42
16105,0,765,41.06,-80.34
16107,0,5,40.99,-80.34
16110,0,9,41.5,-80.37
16111,0,14,41.53,-80.27
16112,0,68,40.96,-80.5
16113,0,9,41.28,-80.42
16114,0,24,41.4,-80.18
16115,0,150,40.81,-80.42
16116,0,104,41.02,-80.46
16117,0,961,40.86,-80.28
16120,0,71,40.85,-80.45
16121,0,207,41.21,-80.5
16123,0,88,40.81,-80.2
16124,0,54,41.32,-80.25
16125,0,659,41.4,-80.38
16127,0,481,41.15,-80.08
16130,0,63,41.44,-80.22
16131,0,36,41.55,-80.38
16132,0,19,41,-80.5
16133,0,40,41.27,-80.13
16134,0,173,41.48,-80.43
16136,0,57,40.83,-80.32
16137,1,426,41.22,-80.23
16140,0,3,41.09,-80.51
16141,0,61,40.83,-80.4
16142,0,142,41.11,-80.33
16143,0,93,41.09,-80.45
16145,0,80,41.38,-80.08
16146,0,665,41.23,-80.49
16148,1,675,41.22,-80.44
16150,0,366,41.25,-80.48
16151,0,5,41.44,-80.21
16153,0,60,41.33,-80.1
16154,0,108,41.32,-80.42
16155,0,3,41.07,-80.51
16156,0,111,41.11,-80.25
16157,0,221,40.88,-80.33
16159,0,149,41.15,-80.48
16160,0,53,40.93,-80.36
16161,0,61,41.2,-80.49
16201,0,860,40.82,-79.52
16210,0,55,40.9,-79.5
16211,0,2,40.79,-79.2
16212,0,30,40.75,-79.58
16213,0,5,41.13,-79.56
16214,0,463,41.21,-79.38
16217,0,12,41.33,-79.17
16218,0,31,40.93,-79.59
16220,0,6,41.42,-79.27
16221,0,2,41.1,-79.43
16222,0,75,40.88,-79.24
16223,0,3,40.99,-79.35
16224,0,32,41.05,-79.29
16225,0,4,41.26,-79.25
16226,0,414,40.76,-79.53
16228,0,16,40.76,-79.54
16229,0,242,40.68,-79.68
16230,0,18,41.02,-79.27
16232,0,194,41.23,-79.53
16233,0,39,41.36,-79.29
16234,0,6,41.13,-79.28
16235,0,44,41.31,-79.38
16236,0,22,40.78,-79.52
16238,0,28,40.79,-79.52
16239,0,45,41.45,-79.08
16240,0,93,41.02,-79.22
16242,0,166,41,-79.32
16244,0,9,40.8,-79.28
16245,0,4,41.01,-79.3
16246,0,2,40.79,-79.18
16248,0,132,41.04,-79.5
16249,0,69,40.79,-79.31
16250,0,8,40.78,-79.23
16254,0,131,41.25,-79.46
16255,0,100,41.1,-79.49
16256,0,12,40.87,-79.17
16258,0,109,41.2,-79.32
16259,0,72,40.94,-79.45
16260,0,5,41.4,-79.23
16262,0,120,40.83,-79.63
16263,0,14,40.81,-79.33
16301,0,793,41.42,-79.7
16311,0,3,41.47,-80.03
16313,0,87,41.78,-79.09
16314,0,233,41.51,-80.04
16316,0,267,41.6,-80.3
16317,0,46,41.53,-79.85
16319,0,40,41.32,-79.62
16321,0,3,41.57,-79.4
16323,0,776,41.39,-79.83
16326,0,17,41.38,-79.43
16327,0,102,41.63,-79.95
16328,0,5,41.65,-79.73
16329,0,20,41.85,-79.26
16331,0,2,41.29,-79.56
16332,0,19,41.37,-79.37
16333,0,25,41.75,-78.93
16334,0,16,41.29,-79.45
16335,1,1603,41.64,-80.14
16340,0,48,41.81,-79.43
16341,0,53,41.59,-79.57
16342,0,69,41.36,-79.93
16343,0,30,41.42,-79.74
16344,0,17,41.47,-79.68
16345,0,63,41.94,-79.08
16346,0,111,41.37,-79.7
16347,0,50,41.69,-79.02
16350,0,61,41.98,-79.34
16351,0,48,41.68,-79.4
16352,0,10,41.75,-79.05
16353,0,97,41.49,-79.44
16354,0,354,41.62,-79.67
16360,0,47,41.67,-79.88
16361,0,6,41.38,-79.35
16362,0,47,41.43,-79.95
16364,0,27,41.37,-79.5
16365,0,640,41.84,-79.14
16370,0,3,41.58,-79.46
16371,0,131,41.85,-79.31
16372,0,8,41.2,-79.87
16373,0,70,41.18,-79.7
16374,0,68,41.26,-79.82
16401,0,159,41.88,-80.41
16402,0,22,41.99,-79.5
16403,0,304,41.8,-80.06
16404,0,49,41.73,-79.76
16405,0,20,41.95,-79.54
16406,0,137,41.75,-80.36
16407,0,335,41.92,-79.63
16410,0,76,41.9,-80.34
16411,0,79,41.98,-80.44
16412,0,571,41.88,-80.17
16415,0,521,42.03,-80.25
16417,0,471,42,-80.31
16420,0,9,41.72,-79.54
16421,0,136,42.17,-79.93
16422,0,19,41.67,-80.31
16423,0,266,42.01,-80.34
16424,0,225,41.65,-80.42
16426,0,256,41.99,-80.13
16427,0,19,41.87,-79.97
16428,0,630,42.21,-79.83
16430,0,2,42,-80.42
16433,0,259,41.71,-80.13
16434,0,43,41.82,-79.68
16435,0,84,41.8,-80.37
16436,0,13,41.88,-79.51
16438,0,344,41.89,-79.84
16440,0,42,41.77,-80.11
16441,0,478,41.94,-79.98
16442,0,137,42,-79.8
16443,0,79,41.94,-80.47
16501,0,92,42.12,-80.08
16502,0,1024,42.11,-80.1
16503,0,689,42.13,-80.06
16504,0,876,42.11,-80.05
16505,1,1123,42.13,-80.14
16506,0,1417,42.06,-80.15
16507,0,602,42.14,-80.08
16508,1,1172,42.1,-80.09
16509,3,1657,42.06,-80.04
16510,0,1378,42.11,-79.95
16511,0,655,42.17,-79.99
16512,0,14,42.12,-80.08
16514,0,14,42.12,-80.08
16546,0,3,42.1,-80.05
16563,0,4,42.12,-79.99
16601,0,2559,40.56,-78.37
16602,2,2382,40.5,-78.4
16603,0,5,40.5,-78.4
16611,0,99,40.55,-78.1
16613,0,67,40.55,-78.54
16616,0,8,40.77,-78.44
16617,0,147,40.6,-78.33
16619,0,24,40.68,-78.42
16620,0,35,40.84,-78.35
16621,0,49,40.2,-78.14
16622,0,8,40.33,-78.07
16623,0,17,40.29,-78.02
16624,0,2,40.57,-78.6
16625,0,243,40.29,-78.44
16627,0,129,40.74,-78.53
16629,0,2,40.53,-78.51
16630,0,227,40.46,-78.58
16633,0,8,40.16,-78.23
16634,1,35,40.21,-78.17
16635,0,634,40.42,-78.42
16636,0,29,40.6,-78.5
16637,0,179,40.32,-78.45
16638,0,8,40.34,-78.2
16639,0,58,40.7,-78.45
16640,0,89,40.71,-78.58
16641,0,168,40.48,-78.55
16644,0,8,40.7,-78.44
16645,0,6,40.8,-78.5
16646,0,89,40.66,-78.7
16647,0,27,40.39,-78.11
16648,0,940,40.43,-78.39
16650,0,126,40.12,-78.29
16651,0,156,40.82,-78.35
16652,0,827,40.49,-78.01
16654,0,2,40.49,-78.03
16655,0,71,40.23,-78.5
16656,0,46,40.77,-78.55
16657,0,68,40.33,-78.18
16659,0,6,40.16,-78.39
16660,0,5,40.46,-78.05
16661,0,59,40.82,-78.44
16662,0,181,40.31,-78.32
16663,0,15,40.8,-78.35
16664,0,53,40.18,-78.42
16665,0,12,40.39,-78.43
16666,0,168,40.89,-78.33
16667,0,61,40.18,-78.53
16668,0,129,40.63,-78.64
16669,0,94,40.57,-78.04
16670,0,5,40.26,-78.51
16671,0,36,40.8,-78.39
16672,0,12,40.17,-78.24
16673,0,250,40.33,-78.39
16674,0,32,40.17,-78.09
16677,0,19,40.81,-78.24
16678,0,179,40.21,-78.24
16679,0,36,40.15,-78.2
16680,0,13,40.74,-78.38
16681,0,10,40.8,-78.43
16682,0,14,40.27,-78.46
16683,0,11,40.62,-78.14
16684,0,14,40.64,-78.3
16685,0,14,40.29,-78.08
16686,0,801,40.67,-78.24
16689,0,22,40.08,-78.08
16691,0,28,40.09,-78.18
16692,0,24,40.74,-78.68
16693,0,168,40.46,-78.2
16694,0,5,40.19,-78.13
16695,0,38,40.22,-78.36
16701,1,600,41.96,-78.64
16720,0,70,41.63,-78.08
16724,0,3,41.75,-78.39
16725,0,11,41.9,-78.66
16726,0,19,41.82,-78.58
16727,0,12,41.99,-78.53
16729,0,23,41.96,-78.5
16730,0,2,41.82,-78.42
16731,0,76,41.95,-78.38
16732,0,6,41.86,-78.62
16733,0,6,41.7,-78.58
16734,0,5,41.62,-78.84
16735,0,236,41.66,-78.8
16738,0,54,41.87,-78.66
16740,0,47,41.72,-78.64
16743,0,144,41.81,-78.27
16744,0,8,41.87,-78.57
16745,0,4,41.92,-78.45
16746,0,42,41.77,-78.16
16748,0,39,41.96,-78.19
16749,0,68,41.8,-78.44
16750,0,11,41.88,-78.32
16801,2,1799,40.79,-77.85
16802,0,27,40.8,-77.86
16803,2,1127,40.8,-77.9
16804,0,8,40.79,-77.85
16805,0,2,40.79,-77.85
16820,0,36,40.92,-77.39
16821,0,4,40.96,-78.2
16822,0,99,41.07,-77.58
16823,0,1606,40.91,-77.76
16825,0,5,40.99,-78.32
16826,0,37,41.06,-77.59
16827,0,364,40.77,-77.79
16828,0,240,40.84,-77.68
16829,0,20,41.08,-77.87
16830,0,892,41.02,-78.43
16832,0,39,40.84,-77.43
16833,0,262,40.97,-78.51
16834,0,18,41.05,-78.09
16835,0,20,40.91,-77.88
16836,0,49,41.14,-78.24
16837,0,4,40.95,-78.47
16838,0,80,40.96,-78.61
16839,0,52,41.01,-78.11
16840,0,36,40.92,-78.2
16841,0,196,41.01,-77.65
16843,0,47,41.01,-78.46
16844,0,149,40.91,-77.93
16845,0,29,41.12,-78.02
16847,0,14,41,-78.17
16848,0,12,41.01,-77.53
16849,0,8,40.97,-78.13
16850,0,2,41.07,-78.26
16851,0,85,40.81,-77.8
16852,0,18,40.94,-77.54
16853,0,61,40.94,-77.79
16854,0,79,40.89,-77.47
16855,0,6,41,-78.38
16856,0,16,40.93,-77.65
16858,0,180,41.01,-78.22
16859,0,22,41.02,-78.04
16860,0,22,40.94,-78.18
16861,0,13,40.86,-78.52
16863,0,14,40.9,-78.5
16864,0,3,41.15,-77.8
16865,0,106,40.72,-77.98
16866,0,553,40.89,-78.21
16868,0,59,40.73,-77.88
16870,0,393,40.79,-78.05
16871,0,3,41.2,-78.02
16872,0,42,40.97,-77.36
16874,0,79,41.02,-77.95
16875,0,172,40.86,-77.57
16876,0,27,40.96,-78.29
16877,0,97,40.7,-78.11
16878,0,91,40.94,-78.36
16879,0,22,40.96,-78.14
16881,0,97,41.03,-78.32
16882,0,29,40.92,-77.3
16901,0,234,41.74,-77.3
16911,0,6,41.68,-77.1
16912,0,50,41.68,-77.06
16914,0,32,41.83,-76.8
16915,0,214,41.77,-78.01
16917,0,43,41.74,-77.07
16920,0,29,41.98,-77.31
16921,0,17,41.78,-77.54
16922,0,38,41.73,-77.64
16923,0,18,41.98,-77.9
16925,0,61,41.95,-76.79
16926,0,9,41.71,-76.77
16927,0,6,41.96,-77.66
16928,0,5,41.95,-77.43
16929,0,35,41.99,-77.12
16930,0,31,41.55,-77.1
16932,0,10,41.78,-76.94
16933,0,134,41.8,-77.07
16935,0,19,41.89,-77.3
16936,0,21,41.98,-76.95
16937,0,7,41.97,-77.71
16938,0,11,41.58,-77.37
16939,0,8,41.68,-77.01
16942,0,15,41.98,-77.38
16943,0,25,41.83,-77.61
16946,0,35,41.9,-77.13
16947,0,152,41.78,-76.78
16948,0,19,41.9,-77.75
16950,0,44,41.91,-77.54
17001,0,2,40.24,-76.92
17002,0,5,40.53,-77.81
17003,1,684,40.33,-76.5
17004,0,50,40.6,-77.72
17005,0,7,40.6,-76.81
17006,0,28,40.33,-77.51
17007,0,297,40.15,-77.13
17009,0,124,40.63,-77.56
17010,0,2,40.28,-76.58
17011,1,2403,40.24,-76.92
17013,1,2178,40.2,-77.2
17014,0,5,40.66,-77.19
17015,0,1334,40.15,-77.26
17016,0,30,40.27,-76.41
17017,0,71,40.65,-76.87
17018,0,326,40.36,-76.93
17019,0,1033,40.11,-77.03
17020,0,640,40.41,-77.04
17021,0,24,40.36,-77.67
17022,0,1604,40.15,-76.59
17023,0,167,40.58,-76.82
17024,0,90,40.41,-77.31
17025,1,1319,40.28,-76.93
17026,0,168,40.45,-76.42
17027,0,7,40.16,-76.98
17028,0,212,40.39,-76.68
17029,0,9,40.56,-77.62
17030,0,28,40.61,-76.74
17032,0,369,40.46,-76.93
17033,0,866,40.28,-76.64
17034,0,236,40.21,-76.79
17035,0,18,40.42,-77.55
17036,0,1268,40.26,-76.71
17037,0,35,40.43,-77.42
17038,0,470,40.41,-76.48
17039,0,2,40.29,-76.24
17040,0,93,40.34,-77.3
17042,1,2482,40.34,-76.42
17043,0,579,40.24,-76.89
17044,0,1143,40.59,-77.57
17045,0,139,40.6,-77
17046,0,1858,40.38,-76.43
17047,0,58,40.38,-77.33
17048,0,200,40.58,-76.76
17049,0,107,40.65,-77.28
17050,1,2088,40.24,-77.02
17051,0,126,40.49,-77.74
17052,0,52,40.37,-77.97
17053,0,370,40.33,-76.93
17054,0,8,40.5,-77.73
17055,1,2578,40.21,-77
17056,0,2,40.53,-77.36
17057,0,1686,40.19,-76.7
17058,0,69,40.51,-77.55
17059,0,240,40.57,-77.39
17060,0,46,40.51,-77.86
17061,0,341,40.54,-76.95
17062,0,134,40.55,-77.15
17063,0,158,40.71,-77.58
17064,0,53,40.24,-76.47
17065,0,321,40.11,-77.18
17066,0,311,40.38,-77.88
17067,0,659,40.37,-76.3
17068,0,248,40.41,-77.18
17069,0,3,40.46,-76.98
17070,0,1392,40.23,-76.87
17072,0,22,40.23,-77.08
17073,0,259,40.35,-76.21
17074,0,478,40.47,-77.13
17075,0,10,40.39,-77.83
17076,0,5,40.62,-77.31
17077,0,13,40.4,-76.54
17078,0,1472,40.3,-76.59
17082,0,84,40.53,-77.39
17083,0,9,40.28,-76.44
17084,0,151,40.68,-77.63
17085,0,9,40.28,-76.39
17086,0,72,40.69,-77.12
17087,0,99,40.44,-76.28
17088,0,46,40.3,-76.29
17090,0,313,40.33,-77.19
17093,0,8,40.31,-76.93
17094,0,86,40.56,-77.23
17097,0,22,40.57,-76.68
17098,0,121,40.58,-76.61
17099,0,80,40.64,-77.58
17101,0,265,40.26,-76.89
17102,0,795,40.27,-76.91
17103,0,775,40.27,-76.88
17104,1,890,40.25,-76.86
17105,0,15,40.27,-76.88
17106,0,13,40.27,-76.88
17108,0,3,40.27,-76.88
17109,1,1522,40.29,-76.82
17110,1,1857,40.32,-76.89
17111,0,1940,40.27,-76.79
17112,1,2600,40.37,-76.78
17113,1,1038,40.23,-76.83
17120,0,8,40.27,-76.88
17201,2,1823,39.93,-77.65
17202,0,1425,39.92,-77.71
17210,0,7,40.21,-77.66
17211,0,16,39.76,-78.4
17212,0,29,39.84,-78.05
17213,0,10,40.25,-77.77
17214,0,84,39.73,-77.46
17215,0,28,40.08,-77.88
17217,0,11,40.25,-77.7
17219,0,12,40.22,-77.7
17220,0,16,40.19,-77.74
17221,0,42,40.05,-77.83
17222,0,602,39.91,-77.56
17223,0,22,40.06,-77.93
17224,0,110,39.97,-77.9
17225,0,809,39.79,-77.72
17228,0,41,39.97,-78.08
17229,0,64,40.08,-78.01
17231,0,9,39.85,-77.84
17233,0,277,39.93,-77.99
17235,0,6,39.86,-77.7
17236,0,352,39.83,-77.9
17237,0,117,39.84,-77.54
17238,0,60,39.86,-78.15
17239,0,2,40.13,-77.85
17240,0,99,40.13,-77.55
17241,0,550,40.17,-77.4
17243,0,65,40.24,-77.89
17244,0,85,40.05,-77.6
17246,0,12,40.06,-77.68
17247,0,2,39.8,-77.58
17249,0,7,40.24,-77.9
17250,0,12,39.74,-77.52
17251,0,3,40.12,-77.67
17252,0,162,39.92,-77.8
17253,0,10,40.21,-78.01
17254,0,6,39.97,-77.59
17255,0,38,40.18,-77.86
17257,0,1398,40.04,-77.52
17260,0,38,40.29,-77.87
17261,0,12,39.86,-77.51
17262,0,41,40.15,-77.71
17263,0,8,39.72,-77.72
17264,0,93,40.19,-77.98
17265,0,18,40.06,-77.76
17266,0,23,40.09,-77.41
17267,0,71,39.77,-78.2
17268,0,1734,39.75,-77.58
17271,0,13,40.11,-77.77
17272,0,6,39.77,-77.62
17301,0,278,39.88,-76.98
17302,0,115,39.82,-76.39
17303,0,36,39.93,-77.3
17304,0,189,39.97,-77.23
17306,0,20,39.98,-77.25
17307,0,334,39.93,-77.24
17309,0,73,39.86,-76.45
17310,0,8,39.88,-77.34
17311,0,9,39.82,-76.84
17313,0,774,39.89,-76.64
17314,0,279,39.76,-76.33
17315,0,1683,40,-76.84
17316,0,441,39.93,-76.97
17317,0,19,39.97,-76.52
17318,0,40,40.02,-76.72
17319,0,695,40.15,-76.79
17320,0,525,39.78,-77.36
17321,0,88,39.75,-76.44
17322,0,339,39.85,-76.56
17323,0,25,40.08,-77.03
17324,0,207,40.04,-77.18
17325,1,1843,39.83,-77.23
17327,0,414,39.79,-76.73
17329,0,138,39.76,-76.85
17331,1,3676,39.81,-76.98
17339,0,393,40.13,-76.86
17340,0,639,39.74,-77.08
17342,0,12,39.85,-76.71
17343,0,7,39.87,-77.33
17344,0,312,39.81,-77.02
17345,0,531,40.06,-76.72
17347,0,468,40.06,-76.7
17349,0,404,39.73,-76.69
17350,0,930,39.86,-77.05
17352,0,42,39.76,-76.5
17353,0,187,39.88,-77.38
17355,0,15,39.76,-76.69
17356,0,1626,39.89,-76.6
17360,0,353,39.85,-76.76
17361,0,289,39.77,-76.68
17362,0,745,39.88,-76.86
17363,0,519,39.75,-76.59
17364,0,224,39.92,-76.87
17365,0,174,40.05,-76.94
17366,0,331,39.91,-76.58
17368,0,513,40.02,-76.53
17370,0,388,40.11,-76.71
17371,0,32,39.9,-76.79
17372,0,198,40,-77.11
17401,0,1045,39.96,-76.73
17402,2,2202,39.96,-76.66
17403,0,2268,39.92,-76.71
17404,1,2345,40,-76.77
17405,0,10,39.96,-76.73
17406,0,1438,40.01,-76.64
17407,0,102,39.88,-76.71
17408,1,1284,39.95,-76.81
17501,0,236,40.16,-76.2
17502,0,121,40.09,-76.67
17504,0,4,40.02,-76.33
17505,0,42,40.05,-76.18
17506,0,23,40.12,-76.05
17507,0,9,40.2,-76.02
17508,0,45,40.12,-76.21
17509,0,163,39.91,-76.04
17512,0,1203,40.03,-76.49
17516,0,231,39.93,-76.36
17517,0,706,40.23,-76.13
17518,0,51,39.83,-76.25
17519,0,154,40.14,-76.02
17520,1,416,40.1,-76.35
17521,0,3,40.16,-76.42
17522,0,1537,40.18,-76.18
17527,0,186,40.01,-75.99
17529,0,143,40.04,-76.1
17532,0,123,39.86,-76.29
17534,0,15,40.04,-76.11
17535,0,76,39.98,-76.02
17536,0,69,39.82,-76.09
17537,0,11,40.01,-76.24
17538,0,379,40.09,-76.41
17540,0,463,40.09,-76.18
17543,0,2093,40.15,-76.3
17545,0,997,40.16,-76.39
17547,0,620,40.05,-76.55
17550,0,33,40.07,-76.58
17551,0,549,40,-76.35
17552,0,1083,40.11,-76.5
17554,0,475,40.04,-76.43
17555,0,210,40.12,-75.97
17557,0,522,40.1,-76.09
17560,0,250,39.9,-76.23
17562,0,118,40,-76.12
17563,0,134,39.76,-76.18
17565,0,132,39.9,-76.31
17566,0,381,39.89,-76.16
17567,0,12,40.21,-76.11
17568,0,5,39.95,-76.23
17569,0,279,40.27,-76.11
17570,0,5,40.13,-76.57
17572,0,90,40.01,-76.16
17576,0,14,40.04,-76.2
17578,0,178,40.23,-76.18
17579,0,282,39.98,-76.18
17581,0,38,40.16,-76.05
17582,0,117,39.98,-76.43
17584,0,475,39.98,-76.27
17601,2,3043,40.07,-76.31
17602,3,3033,40.04,-76.3
17603,0,4184,40.03,-76.33
17604,0,13,40.04,-76.3
17605,0,2,40.04,-76.3
17608,0,18,40.04,-76.3
17701,2,2946,41.23,-77.03
17702,0,665,41.18,-77.08
17703,0,9,41.23,-77.03
17720,0,5,41.18,-77.2
17721,0,56,41.18,-77.32
17723,0,2,41.44,-77.47
17724,0,107,41.65,-76.85
17726,0,2,41.12,-77.42
17728,0,243,41.31,-77.03
17729,0,5,41.51,-77.74
17730,0,17,41.11,-76.88
17731,0,3,41.4,-76.58
17735,0,2,41.61,-76.86
17737,0,304,41.23,-76.72
17739,0,5,41.4,-77.4
17740,0,531,41.2,-77.26
17742,0,2,41.24,-76.6
17744,0,129,41.24,-77.15
17745,0,1029,41.13,-77.45
17747,0,78,41.03,-77.3
17748,0,17,41.15,-77.34
17749,0,5,41.07,-76.81
17751,0,320,41.1,-77.49
17752,0,228,41.17,-76.87
17754,0,593,41.24,-76.92
17756,0,572,41.2,-76.78
17758,0,31,41.35,-76.6
17760,0,17,41.37,-77.7
17762,0,16,41.28,-76.7
17763,0,2,41.51,-76.98
17764,0,79,41.32,-77.74
17765,0,24,41.55,-76.89
17768,0,12,41.56,-76.76
17771,0,137,41.39,-77.08
17772,0,90,41.1,-76.76
17774,0,50,41.24,-76.52
17776,0,11,41.41,-77.29
17777,0,306,41.08,-76.86
17778,0,3,41.3,-77.84
17779,0,19,41.21,-77.38
17801,0,1111,40.86,-76.78
17810,0,56,41.11,-77.03
17812,0,45,40.74,-77.22
17813,0,95,40.75,-77.16
17814,0,191,41.19,-76.38
17815,1,1688,41,-76.45
17820,0,279,40.95,-76.46
17821,0,1006,40.96,-76.61
17823,0,58,40.75,-76.76
17824,0,214,40.86,-76.54
17827,0,59,40.76,-76.94
17829,0,2,40.9,-77.16
17830,0,74,40.71,-76.85
17831,0,4,40.83,-76.83
17832,0,26,40.81,-76.46
17833,0,13,40.8,-76.95
17834,0,273,40.79,-76.47
17836,0,5,40.72,-76.6
17837,0,699,40.96,-76.89
17840,0,15,40.77,-76.43
17841,0,155,40.7,-77.31
17842,0,438,40.78,-77.04
17844,0,368,40.92,-77.04
17845,0,103,40.86,-77.23
17846,0,184,41.12,-76.52
17847,0,595,41,-76.85
17850,0,45,40.96,-76.86
17851,0,708,40.79,-76.41
17853,0,96,40.69,-77
17855,0,61,40.88,-76.98
17856,0,126,41.04,-76.88
17857,0,536,40.89,-76.79
17859,0,155,41.07,-76.41
17860,0,95,40.87,-76.61
17861,0,6,40.77,-77.08
17862,0,13,40.86,-77.06
17864,0,71,40.7,-76.91
17865,0,3,40.99,-76.79
17866,0,634,40.78,-76.54
17867,0,5,40.71,-76.69
17868,0,21,40.96,-76.63
17870,1,800,40.8,-76.86
17872,1,688,40.78,-76.55
17876,0,123,40.85,-76.82
17878,0,57,41.15,-76.36
17881,0,81,40.78,-76.67
17882,0,3,40.81,-77.2
17884,0,8,41.05,-76.67
17886,0,47,41.02,-76.88
17887,0,32,41.08,-76.9
17888,0,14,40.81,-76.38
17889,0,124,40.9,-76.87
17901,1,1537,40.67,-76.2
17920,0,9,40.81,-76.34
17921,0,349,40.78,-76.34
17922,0,274,40.59,-76.09
17923,0,28,40.66,-76.32
17925,0,14,40.75,-76.07
17929,0,100,40.63,-76.19
17930,0,28,40.71,-76.12
17931,0,279,40.78,-76.23
17933,0,16,40.6,-76.24
17934,0,26,40.8,-76.21
17935,0,103,40.79,-76.28
17936,0,33,40.75,-76.34
17938,0,86,40.66,-76.48
17941,0,23,40.66,-76.62
17943,0,8,40.76,-76.38
17944,0,5,40.67,-76.28
17945,0,13,40.79,-76.38
17946,0,9,40.81,-76.26
17948,0,249,40.85,-76.12
17949,0,17,40.8,-76.24
17951,0,13,40.68,-76.24
17952,0,32,40.76,-76.06
17953,0,30,40.72,-76.08
17954,0,385,40.69,-76.25
17957,0,7,40.59,-76.52
17959,0,68,40.73,-76.15
17960,0,144,40.68,-75.99
17961,0,321,40.65,-76.1
17963,0,469,40.54,-76.38
17964,0,18,40.7,-76.51
17965,0,136,40.7,-76.17
17967,0,126,40.85,-76.23
17968,0,18,40.64,-76.61
17970,0,219,40.72,-76.19
17972,0,666,40.62,-76.17
17974,0,15,40.7,-76.24
17976,0,296,40.82,-76.21
17978,0,8,40.62,-76.65
17979,0,3,40.57,-76.2
17980,0,131,40.58,-76.55
17981,0,147,40.62,-76.39
17982,0,28,40.77,-76.04
17983,0,73,40.64,-76.55
17985,0,85,40.93,-76.25
18011,0,309,40.5,-75.6
18012,0,17,40.81,-75.59
18013,0,871,40.86,-75.2
18014,0,632,40.72,-75.39
18015,1,1709,40.59,-75.37
18016,0,12,40.63,-75.39
18017,1,2077,40.66,-75.39
18018,0,2268,40.62,-75.36
18020,1,1005,40.67,-75.32
18030,0,11,40.8,-75.66
18031,0,538,40.55,-75.66
18032,0,655,40.65,-75.46
18034,0,424,40.53,-75.42
18035,0,2,40.75,-75.54
18036,0,734,40.51,-75.39
18037,0,464,40.67,-75.49
18038,0,163,40.78,-75.51
18039,0,11,40.55,-75.24
18040,0,818,40.75,-75.23
18041,0,422,40.42,-75.51
18042,0,2107,40.68,-75.22
18043,0,9,40.68,-75.22
18044,0,17,40.68,-75.22
18045,1,1522,40.69,-75.27
18046,0,8,40.55,-75.56
18049,0,1171,40.53,-75.49
18051,1,209,40.59,-75.66
18052,1,1434,40.63,-75.48
18053,0,110,40.72,-75.71
18054,0,307,40.33,-75.47
18055,0,802,40.58,-75.33
18056,0,92,40.45,-75.55
18058,0,514,40.88,-75.47
18059,0,86,40.72,-75.53
18062,0,1415,40.51,-75.55
18063,0,25,40.78,-75.18
18064,0,1414,40.73,-75.31
18065,0,4,40.7,-75.61
18066,0,316,40.65,-75.74
18067,0,1210,40.68,-75.48
18068,0,9,40.48,-75.52
18069,0,393,40.62,-75.6
18070,0,56,40.43,-75.53
18071,0,665,40.8,-75.61
18072,0,376,40.86,-75.25
18073,0,604,40.39,-75.49
18074,0,290,40.32,-75.51
18076,0,188,40.37,-75.48
18077,0,123,40.59,-75.19
18078,0,325,40.67,-75.61
18079,0,24,40.74,-75.66
18080,0,646,40.75,-75.61
18081,0,18,40.56,-75.28
18083,0,26,40.75,-75.26
18084,0,18,40.31,-75.5
18085,0,52,40.74,-75.25
18086,0,6,40.74,-75.55
18087,0,50,40.55,-75.59
18088,0,497,40.75,-75.59
18091,0,319,40.84,-75.29
18092,0,136,40.47,-75.52
18101,0,234,40.6,-75.47
18102,0,1789,40.61,-75.48
18103,2,2270,40.59,-75.47
18104,1,2532,40.61,-75.55
18105,0,19,40.6,-75.49
18106,0,358,40.57,-75.56
18109,1,790,40.64,-75.44
18201,1,851,40.95,-75.97
18202,1,537,40.96,-76
18210,0,476,41,-75.58
18211,0,62,40.74,-75.82
18212,0,7,40.77,-75.72
18214,0,139,40.79,-76.08
18216,0,82,40.94,-75.89
18218,0,131,40.82,-75.91
18219,0,71,40.99,-76.05
18220,0,18,40.84,-76.06
18221,0,4,41,-75.92
18222,0,506,41.01,-75.99
18223,0,8,40.98,-75.94
18224,0,403,41.01,-75.89
18229,0,599,40.87,-75.73
18230,0,3,40.92,-75.92
18231,0,36,40.9,-76
18232,0,282,40.83,-75.88
18234,0,22,40.99,-75.96
18235,0,1018,40.83,-75.71
18237,0,240,40.9,-75.99
18239,0,4,40.99,-75.98
18240,0,277,40.86,-75.82
18241,0,30,40.94,-76.16
18242,0,8,40.91,-76.12
18244,0,12,40.82,-75.67
18245,0,8,40.85,-76.03
18247,0,4,41.03,-75.98
18248,0,44,40.9,-76.11
18249,0,241,40.99,-76.08
18250,0,210,40.82,-75.84
18251,0,6,41.01,-76.08
18252,0,576,40.8,-75.93
18254,0,38,40.91,-75.96
18255,0,293,40.94,-75.82
18256,0,12,40.94,-76.15
18301,0,1210,41,-75.17
18302,0,837,41.11,-75.11
18320,0,19,41,-75.28
18321,0,90,41.03,-75.28
18322,0,127,40.92,-75.4
18323,0,12,41.2,-75.27
18324,0,422,41.09,-75
18325,0,117,41.26,-75.27
18326,0,305,41.17,-75.25
18327,0,39,40.98,-75.15
18328,0,302,41.22,-74.87
18330,0,506,40.96,-75.45
18331,0,45,40.91,-75.44
18332,0,164,41.09,-75.26
18333,0,33,40.9,-75.49
18334,0,187,41.07,-75.44
18335,0,14,41.07,-75.1
18336,0,99,41.37,-74.74
18337,0,421,41.32,-74.8
18340,0,2,41.42,-74.77
18342,0,2,41.17,-75.3
18343,0,133,40.9,-75.11
18344,0,169,41.12,-75.35
18346,0,158,41.14,-75.42
18347,0,150,41.11,-75.56
18349,0,5,41.1,-75.37
18350,0,78,41.11,-75.45
18351,0,8,40.92,-75.1
18352,0,20,41.01,-75.36
18353,0,582,40.9,-75.36
18354,0,62,40.92,-75.32
18355,0,61,41.07,-75.33
18356,0,21,41.01,-75.12
18360,2,1346,40.98,-75.19
18370,0,34,41.09,-75.34
18371,0,20,41.16,-75.04
18372,0,149,41.04,-75.33
18403,0,486,41.5,-75.53
18405,0,84,41.6,-75.15
18407,0,1037,41.57,-75.5
18410,0,16,41.47,-75.67
18411,0,1249,41.48,-75.7
18413,0,12,41.65,-75.53
18414,0,342,41.53,-75.73
18415,0,31,41.74,-75.12
18417,0,14,41.85,-75.22
18419,0,205,41.56,-75.78
18420,0,14,41.6,-75.71
18421,0,261,41.65,-75.46
18424,0,314,41.24,-75.45
18425,0,31,41.42,-74.99
18426,0,221,41.32,-75.3
18427,0,14,41.4,-75.41
18428,0,572,41.47,-75.18
18430,0,2,41.76,-75.47
18431,0,493,41.57,-75.25
18433,0,434,41.57,-75.58
18434,0,346,41.46,-75.55
18435,0,29,41.46,-74.98
18436,0,701,41.45,-75.38
18438,0,68,41.43,-75.27
18439,0,5,41.85,-75.38
18440,0,6,41.56,-75.77
18441,0,17,41.66,-75.61
18443,0,19,41.67,-75.06
18444,0,709,41.33,-75.52
18445,0,105,41.3,-75.32
18446,0,173,41.62,-75.78
18447,0,787,41.45,-75.59
18449,0,3,41.81,-75.44
18451,0,25,41.39,-75.19
18452,0,325,41.48,-75.59
18453,0,23,41.73,-75.43
18454,0,2,41.83,-75.43
18456,0,13,41.58,-75.32
18457,0,8,41.47,-75.05
18458,0,93,41.47,-74.91
18460,0,16,41.27,-75.34
18461,0,3,41.9,-75.33
18462,0,11,41.9,-75.46
18463,0,8,41.36,-75.4
18464,0,37,41.4,-75.18
18465,0,50,41.86,-75.51
18466,0,724,41.18,-75.43
18469,0,7,41.69,-75.1
18470,0,80,41.71,-75.49
18471,0,21,41.52,-75.7
18472,0,238,41.58,-75.4
18473,0,11,41.53,-75.21
18502,0,7,41.4,-75.66
18503,0,192,41.41,-75.67
18504,1,1469,41.43,-75.7
18505,2,1195,41.4,-75.66
18507,0,312,41.35,-75.72
18508,1,838,41.45,-75.66
18509,0,997,41.43,-75.64
18510,0,622,41.41,-75.64
18512,0,969,41.43,-75.6
18517,0,313,41.39,-75.71
18518,0,648,41.37,-75.73
18519,2,458,41.47,-75.62
18602,0,23,41.18,-75.76
18603,0,1084,41.05,-76.24
18610,0,283,41.04,-75.52
18611,0,6,41.19,-76.3
18612,0,790,41.33,-75.96
18614,0,86,41.52,-76.39
18615,0,103,41.46,-75.84
18616,0,19,41.49,-76.6
18617,0,126,41.17,-76.07
18618,0,217,41.37,-76.02
18619,0,5,41.43,-76.71
18621,0,250,41.25,-76.1
18622,0,11,41.2,-76.27
18623,0,86,41.64,-76.16
18624,0,21,41.05,-75.66
18625,0,23,41.51,-75.85
18626,0,11,41.41,-76.49
18627,0,2,41.32,-76.02
18628,0,8,41.45,-76.29
18629,0,88,41.56,-76.06
18630,0,176,41.61,-76.04
18631,0,65,41.03,-76.3
18632,0,9,41.46,-76.38
18634,0,984,41.2,-76
18635,0,182,41.05,-76.21
18636,0,74,41.42,-76.05
18640,0,1359,41.32,-75.78
18641,0,435,41.34,-75.72
18642,0,294,41.36,-75.77
18643,0,894,41.37,-75.84
18644,0,456,41.3,-75.84
18651,0,674,41.24,-75.95
18653,0,3,41.39,-75.82
18655,0,336,41.15,-76.15
18656,0,128,41.28,-76.15
18657,0,743,41.53,-75.94
18660,0,185,41.06,-76.07
18661,0,351,41.06,-75.77
18701,0,123,41.24,-75.89
18702,2,2049,41.24,-75.87
18703,0,9,41.24,-75.87
18704,1,2253,41.26,-75.88
18705,0,862,41.27,-75.84
18706,0,1149,41.2,-75.91
18707,0,903,41.16,-75.9
18708,0,554,41.31,-75.95
18709,0,270,41.28,-75.89
18801,0,164,41.83,-75.87
18810,0,90,41.95,-76.51
18812,0,16,41.98,-75.92
18814,0,3,41.78,-76.61
18816,0,9,41.74,-75.89
18818,0,10,41.91,-76.04
18821,0,17,41.97,-75.74
18822,0,84,41.96,-75.74
18823,0,10,41.78,-75.7
18824,0,78,41.7,-75.76
18825,0,2,41.83,-75.61
18826,0,53,41.76,-75.78
18828,0,3,41.8,-76.11
18829,0,27,41.83,-76.18
18830,0,4,41.99,-76.13
18831,0,20,41.89,-76.6
18832,0,28,41.71,-76.47
18833,0,56,41.6,-76.44
18834,0,87,41.87,-75.72
18837,0,27,41.85,-76.34
18840,0,163,41.97,-76.53
18844,0,77,41.69,-75.91
18845,0,9,41.79,-76.18
18846,0,51,41.64,-76.24
18847,0,102,41.94,-75.6
18848,0,232,41.76,-76.44
18850,0,40,41.84,-76.5
18851,0,25,41.93,-76.18
18853,0,82,41.66,-76.26
18854,0,23,41.79,-76.36
18901,0,1982,40.31,-75.12
18902,1,1250,40.36,-75.09
18910,0,14,40.42,-75.17
18911,0,11,40.38,-75.28
18912,0,30,40.32,-75.06
18913,0,17,40.39,-75.06
18914,0,1405,40.28,-75.2
18915,0,103,40.27,-75.26
18916,0,2,40.33,-75.12
18917,0,144,40.37,-75.2
18920,0,27,40.49,-75.08
18921,0,10,40.53,-75.17
18923,0,60,40.35,-75.17
18925,0,281,40.29,-75.05
18927,0,17,40.32,-75.24
18928,0,11,40.33,-75.12
18929,0,419,40.25,-75.08
18930,0,160,40.53,-75.21
18931,0,18,40.34,-75.03
18932,0,34,40.29,-75.25
18933,0,5,40.4,-75.04
18934,0,19,40.34,-75.07
18935,0,31,40.43,-75.39
18936,3,34,40.22,-75.23
18938,0,734,40.36,-74.95
18940,0,1496,40.22,-74.93
18942,0,174,40.46,-75.15
18943,0,8,40.26,-74.98
18944,0,1847,40.37,-75.29
18946,0,8,40.29,-75.01
18947,0,319,40.43,-75.1
18949,0,7,40.42,-75.11
18950,0,14,40.45,-75.07
18951,1,2451,40.43,-75.34
18953,0,10,40.53,-75.19
18954,0,494,40.22,-75
18955,0,121,40.47,-75.32
18956,0,8,40.25,-75.01
18957,0,2,40.29,-75.45
18958,0,3,40.29,-75.43
18960,1,899,40.36,-75.3
18962,0,30,40.34,-75.27
18963,0,13,40.38,-75
18964,0,797,40.31,-75.32
18966,0,2017,40.18,-75
18968,0,2,40.43,-75.43
18969,0,987,40.32,-75.32
18970,0,50,40.41,-75.38
18971,0,8,40.34,-75.38
18972,0,150,40.53,-75.12
18974,1,2307,40.21,-75.07
18976,0,1043,40.25,-75.14
18977,0,179,40.28,-74.87
18979,0,2,40.3,-75.44
18980,0,15,40.27,-75.01
19001,1,1019,40.12,-75.12
19002,1,1934,40.15,-75.22
19003,1,1032,40,-75.29
19004,0,668,40.01,-75.22
19006,0,977,40.15,-75.03
19007,1,1116,40.1,-74.85
19008,0,1043,39.96,-75.35
19009,0,31,40.14,-75.06
19010,1,888,40.02,-75.31
19012,0,323,40.06,-75.11
19013,2,1106,39.84,-75.37
19014,0,1139,39.86,-75.43
19015,0,880,39.87,-75.39
19016,0,12,39.84,-75.37
19017,0,5,39.89,-75.46
19018,1,1224,39.92,-75.29
19020,1,2556,40.1,-74.93
19021,0,567,40.09,-74.89
19022,0,217,39.86,-75.33
19023,1,619,39.92,-75.26
19025,0,420,40.14,-75.16
19026,0,1572,39.94,-75.3
19027,1,1092,40.07,-75.12
19029,0,227,39.87,-75.29
19030,0,598,40.17,-74.85
19031,0,301,40.11,-75.22
19032,0,244,39.89,-75.28
19033,0,466,39.89,-75.33
19034,0,326,40.13,-75.19
19035,0,208,40.04,-75.28
19036,0,633,39.89,-75.29
19038,0,2069,40.1,-75.15
19039,0,7,39.9,-75.5
19040,0,1494,40.17,-75.1
19041,0,279,40,-75.32
19043,0,160,39.9,-75.31
19044,1,1227,40.18,-75.13
19046,0,1202,40.09,-75.12
19047,0,1723,40.17,-74.91
19050,1,936,39.94,-75.27
19052,0,6,39.9,-75.45
19053,0,1343,40.14,-74.98
19054,0,889,40.17,-74.82
19055,0,679,40.15,-74.85
19056,0,742,40.15,-74.89
19057,0,910,40.14,-74.85
19058,0,20,40.15,-74.85
19060,0,437,39.84,-75.49
19061,0,1142,39.83,-75.44
19063,0,2031,39.92,-75.42
19064,0,1254,39.93,-75.34
19066,0,234,40,-75.24
19067,0,2350,40.2,-74.78
19070,1,396,39.91,-75.32
19072,0,650,40.02,-75.26
19073,0,1093,39.97,-75.43
19074,0,327,39.88,-75.29
19075,0,506,40.11,-75.18
19076,0,367,39.89,-75.31
19078,0,734,39.87,-75.32
19079,0,261,39.9,-75.26
19081,0,497,39.9,-75.34
19082,0,853,39.96,-75.27
19083,0,2061,39.97,-75.31
19085,0,279,40.03,-75.35
19086,0,668,39.89,-75.37
19087,2,1748,40.06,-75.4
19090,0,1306,40.14,-75.11
19094,0,297,39.87,-75.35
19095,0,341,40.09,-75.14
19096,1,701,39.99,-75.27
19101,0,5,39.95,-75.16
19102,0,302,39.95,-75.17
19103,0,1111,39.95,-75.17
19104,1,1050,39.96,-75.2
19105,0,5,39.95,-75.16
19106,0,845,39.95,-75.14
19107,4,682,39.95,-75.16
19111,0,1336,40.06,-75.07
19114,1,1071,40.07,-75
19115,1,745,40.09,-75.04
19116,0,787,40.12,-75.01
19118,0,485,40.07,-75.21
19119,0,1273,40.05,-75.19
19120,0,1070,40.03,-75.12
19121,0,1145,39.98,-75.18
19122,0,819,39.98,-75.15
19123,1,993,39.96,-75.15
19124,0,1303,40.02,-75.09
19125,1,1753,39.98,-75.13
19126,0,412,40.06,-75.14
19127,1,493,40.03,-75.23
19128,0,2262,40.05,-75.23
19129,0,573,40.01,-75.19
19130,0,1557,39.97,-75.18
19131,2,1361,39.99,-75.22
19132,0,790,40,-75.17
19133,0,428,39.99,-75.14
19134,0,1426,39.99,-75.11
19135,0,829,40.02,-75.05
19136,0,891,40.04,-75.02
19137,0,242,39.99,-75.07
19138,0,808,40.06,-75.16
19139,0,1220,39.96,-75.23
19140,0,1089,40.01,-75.15
19141,0,705,40.04,-75.15
19142,0,580,39.92,-75.23
19143,0,2149,39.94,-75.23
19144,0,1605,40.03,-75.17
19145,0,1822,39.91,-75.2
19146,0,2099,39.94,-75.18
19147,2,2459,39.94,-75.15
19148,1,2045,39.91,-75.15
19149,0,769,40.04,-75.07
19150,0,632,40.07,-75.17
19151,0,896,39.98,-75.26
19152,1,693,40.06,-75.05
19153,0,216,39.89,-75.23
19154,0,1098,40.1,-74.98
19301,1,451,40.04,-75.49
19310,0,141,39.94,-75.97
19311,0,356,39.82,-75.78
19312,0,585,40.03,-75.44
19316,0,12,40.05,-75.83
19317,0,506,39.86,-75.59
19319,0,23,39.93,-75.52
19320,1,3579,39.98,-75.81
19330,0,215,39.87,-75.92
19331,0,4,39.88,-75.52
19333,1,378,40.04,-75.42
19335,0,3337,40,-75.7
19341,0,1227,40.03,-75.63
19342,0,825,39.89,-75.5
19343,0,527,40.09,-75.77
19344,0,675,40.09,-75.91
19346,0,2,39.79,-75.87
19347,0,4,39.76,-75.79
19348,1,1000,39.84,-75.71
19350,0,482,39.76,-75.78
19351,0,3,39.78,-75.89
19352,0,371,39.78,-75.88
19353,0,3,40.04,-75.62
19354,0,9,40.02,-75.71
19355,1,1670,40.03,-75.51
19358,0,5,39.96,-75.81
19360,0,5,39.77,-75.88
19362,0,187,39.74,-76.04
19363,0,719,39.78,-75.98
19365,0,467,39.95,-75.91
19366,0,2,39.9,-75.62
19367,0,2,39.96,-75.88
19369,0,27,39.98,-75.89
19372,1,186,40,-75.76
19373,0,134,39.9,-75.53
19374,0,38,39.83,-75.75
19375,0,33,39.9,-75.74
19376,0,3,39.96,-75.82
19380,0,3370,39.99,-75.6
19381,0,11,39.95,-75.6
19382,2,3149,39.93,-75.61
19383,0,3,39.95,-75.6
19390,0,532,39.82,-75.82
19395,0,13,39.93,-75.55
19399,0,5,40.05,-75.41
19401,0,1973,40.12,-75.33
19403,1,2803,40.15,-75.38
19404,0,10,40.12,-75.33
19405,0,441,40.1,-75.34
19406,2,1866,40.09,-75.38
19407,0,12,40.12,-75.42
19408,0,11,40.15,-75.4
19421,0,19,40.13,-75.63
19422,0,1245,40.14,-75.26
19423,0,2,40.21,-75.36
19425,0,835,40.1,-75.64
19426,0,2189,40.18,-75.45
19428,0,1655,40.07,-75.3
19430,0,6,40.22,-75.4
19435,0,9,40.33,-75.57
19436,0,22,40.2,-75.25
19437,0,51,40.18,-75.26
19438,0,1382,40.27,-75.38
19440,0,1004,40.27,-75.29
19442,0,34,40.13,-75.58
19443,0,6,40.24,-75.34
19444,0,663,40.08,-75.25
19446,1,3415,40.24,-75.28
19450,0,19,40.25,-75.4
19453,0,143,40.14,-75.5
19454,0,1548,40.21,-75.27
19456,0,21,40.14,-75.46
19457,0,11,40.21,-75.59
19460,1,3347,40.13,-75.51
19462,3,1122,40.1,-75.28
19464,2,3590,40.25,-75.64
19465,0,1126,40.19,-75.68
19468,0,1945,40.18,-75.53
19470,0,18,40.14,-75.8
19472,0,9,40.34,-75.58
19473,0,1025,40.25,-75.46
19474,0,63,40.22,-75.4
19475,0,940,40.17,-75.54
19477,0,13,40.18,-75.24
19478,0,2,40.27,-75.46
19481,0,21,40.09,-75.47
19484,0,5,40.09,-75.47
19486,0,3,40.21,-75.29
19490,0,12,40.19,-75.35
19492,0,51,40.28,-75.49
19501,0,66,40.24,-76.06
19503,0,99,40.4,-75.58
19504,0,245,40.38,-75.57
19505,0,187,40.37,-75.63
19506,0,341,40.43,-76.11
19507,0,142,40.47,-76.29
19508,0,1027,40.26,-75.81
19510,0,447,40.44,-75.87
19511,0,4,40.49,-75.74
19512,0,1059,40.33,-75.63
19516,0,7,40.49,-76.01
19518,0,994,40.26,-75.74
19520,0,329,40.15,-75.83
19522,0,812,40.45,-75.82
19523,0,7,40.2,-75.85
19525,0,993,40.32,-75.6
19526,0,662,40.55,-75.98
19529,0,174,40.63,-75.87
19530,0,637,40.52,-75.77
19533,0,404,40.44,-75.96
19534,0,101,40.57,-75.89
19535,0,8,40.34,-75.8
19536,0,41,40.48,-75.76
19538,0,15,40.55,-75.7
19539,0,171,40.49,-75.68
19540,0,706,40.28,-75.98
19541,0,229,40.47,-76.02
19543,0,306,40.15,-75.9
19544,0,5,40.42,-76.3
19545,0,18,40.34,-75.63
19547,0,243,40.37,-75.76
19548,0,6,40.28,-75.72
19549,0,27,40.58,-76.02
19550,0,18,40.45,-76.25
19551,0,288,40.34,-76.14
19554,0,32,40.51,-76.1
19555,0,226,40.49,-75.96
19559,0,18,40.49,-76.19
19560,0,665,40.4,-75.92
19562,0,179,40.5,-75.7
19564,0,2,40.52,-75.87
19565,0,540,40.33,-76.08
19567,0,338,40.36,-76.18
19601,0,1332,40.36,-75.94
19602,1,836,40.33,-75.92
19603,0,13,40.33,-75.92
19604,0,862,40.36,-75.91
19605,1,1351,40.4,-75.94
19606,0,2272,40.34,-75.86
19607,0,1590,40.29,-75.94
19608,0,1225,40.31,-76.03
19609,0,676,40.33,-76
19610,1,818,40.34,-75.97
19611,1,645,40.32,-75.94
19612,0,10,40.33,-75.92
