Zipcode,Dispensary Count,Patient Count,Latitude,Longitude,Nearest Disp Distance,Nearest Disp Zipcode,Patient Miles
18840,0,163,41.97,-76.53,56.84847593,18504,9266.301576
18810,0,90,41.95,-76.51,55.16860284,18504,4965.174255
16942,0,15,41.98,-77.38,54.84275787,17701,822.6413681
16950,0,44,41.91,-77.54,53.859773,17701,2369.830012
16928,0,5,41.95,-77.43,53.83758891,17701,269.1879445
16920,0,29,41.98,-77.31,53.75324437,17701,1558.844087
16929,0,35,41.99,-77.12,52.65663554,17701,1842.982244
16936,0,21,41.98,-76.95,51.92533799,17701,1090.432098
16925,0,61,41.95,-76.79,51.22134937,17701,3124.502312
16943,0,25,41.83,-77.61,51.17810917,17701,1279.452729
18831,0,20,41.89,-76.6,50.70903356,17701,1014.180671
16927,0,6,41.96,-77.66,50.48276372,16701,302.8965823
18850,0,40,41.84,-76.5,50.16135464,18504,2006.454186
16937,0,7,41.97,-77.71,47.90836458,16701,335.3585521
16935,0,19,41.89,-77.3,47.64974627,17701,905.3451791
16922,0,38,41.73,-77.64,46.82775035,17701,1779.454513
16946,0,35,41.9,-77.13,46.52794564,17701,1628.478097
16921,0,17,41.78,-77.54,46.26760624,17701,786.5493061
16948,0,19,41.9,-77.75,46.0546738,16701,875.0388022
18848,0,232,41.76,-76.44,44.59079086,18504,10345.06348
18830,0,4,41.99,-76.13,44.49102279,18508,177.9640911
18837,0,27,41.85,-76.34,44.02200388,18504,1188.594105
18814,0,3,41.78,-76.61,43.76566184,17701,131.2969855
18832,0,28,41.71,-76.47,43.61005489,18704,1221.081537
16914,0,32,41.83,-76.8,43.0908085,17701,1378.905872
18851,0,25,41.93,-76.18,42.51421234,18504,1062.855308
18854,0,23,41.79,-76.36,42.25871372,18504,971.9504156
17729,0,5,41.51,-77.74,41.66166286,17701,208.3083143
16947,0,152,41.78,-76.78,40.11107429,17701,6096.883292
16933,0,134,41.8,-77.07,39.39145717,17701,5278.455261
15861,0,9,41.38,-78.05,39.09147807,15801,351.8233026
18812,0,16,41.98,-75.92,38.46333584,18519,615.4133734
16351,0,48,41.68,-79.4,38.39735914,16335,1843.073239
16932,0,10,41.78,-76.94,38.24255862,17701,382.4255862
16923,0,18,41.98,-77.9,38.1387535,16701,686.4975629
16901,0,234,41.74,-77.3,37.88225129,17701,8864.446802
18340,0,2,41.42,-74.77,37.43183538,18360,74.86367076
18833,0,56,41.6,-76.44,37.36957884,18704,2092.696415
18818,0,10,41.91,-76.04,37.33823044,18519,373.3823044
18829,0,27,41.83,-76.18,37.14487843,18504,1002.911717
17764,0,79,41.32,-77.74,36.84363135,16803,2910.646877
18458,0,93,41.47,-74.91,36.82672875,18360,3424.885774
16720,0,70,41.63,-78.08,36.81248547,16701,2576.873983
15545,0,39,39.82,-78.72,36.5999714,15901,1427.398884
15834,0,157,41.51,-78.23,36.44877049,15801,5722.456967
15552,0,137,39.81,-79.02,36.34788298,15901,4979.659968
17760,0,17,41.37,-77.7,36.18138678,17701,615.0835753
16350,0,61,41.98,-79.34,36.07998855,16701,2200.879301
16340,0,48,41.81,-79.43,35.85921481,16509,1721.242311
16926,0,9,41.71,-76.77,35.76901084,17701,321.9210975
18336,0,99,41.37,-74.74,35.70476097,18360,3534.771336
15558,0,31,39.75,-79.08,35.39162858,15401,1097.140486
16371,0,131,41.85,-79.31,35.36788388,16701,4633.192789
16917,0,43,41.74,-77.07,35.25703845,17701,1516.052653
18845,0,9,41.79,-76.18,35.14727589,18504,316.325483
16370,0,3,41.58,-79.46,35.07598026,15825,105.2279408
18821,0,17,41.97,-75.74,35.06056896,18519,596.0296723
16915,0,214,41.77,-78.01,35.04703173,16701,7500.06479
17778,0,3,41.3,-77.84,34.64522336,16803,103.9356701
18822,0,84,41.96,-75.74,34.38159355,18519,2888.053858
15832,0,14,41.34,-78.13,34.16516432,15801,478.3123005
18417,0,14,41.85,-75.22,33.41128412,18519,467.7579777
15542,0,51,39.86,-79.06,33.38742472,15901,1702.758661
17211,0,16,39.76,-78.4,33.36052648,16634,533.7684236
18461,0,3,41.9,-75.33,33.25279441,18519,99.75838323
18435,0,29,41.46,-74.98,33.22951545,18519,963.6559482
18828,0,3,41.8,-76.11,33.21000856,18504,99.63002568
15565,0,2,39.76,-79.12,33.15400587,15401,66.30801175
18853,0,82,41.66,-76.26,33.08934524,18504,2713.32631
16329,0,20,41.85,-79.26,32.85477365,16701,657.095473
16321,0,3,41.57,-79.4,32.82276572,15825,98.46829716
18847,0,102,41.94,-75.6,32.45315322,18519,3310.221628
18443,0,19,41.67,-75.06,32.13750454,18519,610.6125862
18425,0,31,41.42,-74.99,32.10307668,18360,995.195377
18614,0,86,41.52,-76.39,32.00669397,18704,2752.575682
18415,0,31,41.74,-75.12,31.90557025,18519,989.0726777
15534,0,42,39.9,-78.69,31.87466918,15901,1338.736105
16420,0,9,41.72,-79.54,31.53000129,16335,283.7700116
18846,0,51,41.64,-76.24,31.52932851,18504,1607.995754
16911,0,6,41.68,-77.1,31.26695245,17701,187.6017147
16912,0,50,41.68,-77.06,31.09406023,17701,1554.703011
16939,0,8,41.68,-77.01,31.07238106,17701,248.5790485
18337,0,421,41.32,-74.8,31.05329975,18360,13073.43919
15352,0,34,39.75,-80.45,31.04806915,15301,1055.634351
18469,0,7,41.69,-75.1,30.9284706,18519,216.4992942
18462,0,11,41.9,-75.46,30.80876601,18519,338.8964261
15538,0,20,39.89,-78.83,30.65221153,15901,613.0442306
17724,0,107,41.65,-76.85,30.45456302,17701,3258.638244
17267,0,71,39.77,-78.2,30.39890388,16634,2158.322175
16319,0,40,41.32,-79.62,30.21751224,15825,1208.70049
15557,0,104,39.91,-79.15,30.16803318,15650,3137.47545
16436,0,13,41.88,-79.51,29.9916415,16509,389.8913395
16938,0,11,41.58,-77.37,29.92446416,17701,329.1691058
16341,0,53,41.59,-79.57,29.72136225,16335,1575.232199
18457,0,8,41.47,-75.05,29.58639507,18519,236.6911605
16353,0,97,41.49,-79.44,29.48461184,15825,2860.007349
16346,0,111,41.37,-79.7,29.46230941,16137,3270.316345
18632,0,9,41.46,-76.38,29.43343761,18704,264.9009385
18439,0,5,41.85,-75.38,29.01792077,18519,145.0896039
18616,0,19,41.49,-76.6,28.66673355,17701,544.6679375
18626,0,11,41.41,-76.49,28.37004199,17815,312.0704619
15530,0,101,39.92,-78.95,28.36725974,15901,2865.093234
15316,0,4,39.76,-80.27,28.33205418,15301,113.3282167
16871,0,3,41.2,-78.02,28.30622096,16803,84.91866287
16402,0,22,41.99,-79.5,28.20569129,16509,620.5252085
18834,0,87,41.87,-75.72,28.08629874,18519,2443.507991
16746,0,42,41.77,-78.16,28.02068688,16701,1176.868849
18801,0,164,41.83,-75.87,28.01291454,18519,4594.117984
18623,0,86,41.64,-76.16,27.91043131,18504,2400.297093
17735,0,2,41.61,-76.86,27.67100935,17701,55.3420187
18465,0,50,41.86,-75.51,27.51072651,18519,1375.536326
17059,0,240,40.57,-77.39,27.42707864,17013,6582.498873
16301,0,793,41.42,-79.7,27.40715732,16335,21733.87576
17021,0,24,40.36,-77.67,27.17953915,17013,652.3089396
17723,0,2,41.44,-77.47,27.08845159,17701,54.17690318
16365,0,640,41.84,-79.14,27.07837143,16701,17330.15772
16347,0,50,41.69,-79.02,27.05607171,16701,1352.803585
15362,0,17,39.78,-80.22,26.92836953,15301,457.782282
16405,0,20,41.95,-79.54,26.834806,16509,536.69612
17768,0,12,41.56,-76.76,26.74865539,17701,320.9838647
18454,0,2,41.83,-75.43,26.72059143,18519,53.44118285
17076,0,5,40.62,-77.31,26.69394809,17870,133.4697404
15310,0,11,39.82,-80.45,26.59503266,15301,292.5453592
16344,0,17,41.47,-79.68,26.57537719,16335,451.7814123
16331,0,2,41.29,-79.56,26.56881524,15825,53.13763048
15550,0,103,40,-78.59,26.55294886,16634,2734.953733
15510,0,3,39.96,-79.04,26.44002785,15901,79.32008354
16313,0,87,41.78,-79.09,26.32861785,16701,2290.589753
15870,0,67,41.58,-78.68,26.30698767,16701,1762.568174
15540,0,10,39.8,-79.24,26.27120364,15401,262.7120364
16364,0,27,41.37,-79.5,26.23486237,15825,708.3412839
17731,0,3,41.4,-76.58,26.1879641,17701,78.56389231
18405,0,84,41.6,-75.15,25.97027034,18519,2181.502708
16820,0,36,40.92,-77.39,25.71630807,16801,925.7870906
16343,0,30,41.42,-79.74,25.70590516,16335,771.1771548
16352,0,10,41.75,-79.05,25.64357156,16701,256.4357156
16734,0,5,41.62,-78.84,25.63829107,16701,128.1914554
17751,0,320,41.1,-77.49,25.61088924,17701,8195.484557
16836,0,49,41.14,-78.24,25.56248408,15801,1252.56172
15553,0,7,39.98,-78.77,25.26027044,15901,176.8218931
18449,0,3,41.81,-75.44,25.24720822,18519,75.74162467
16213,0,5,41.13,-79.56,25.12433687,15825,125.6216843
18628,0,8,41.45,-76.29,25.0284088,18704,200.2272704
16850,0,2,41.07,-78.26,25.00319473,15801,50.00638947
17058,0,69,40.51,-77.55,24.93705942,16801,1720.6571
17082,0,84,40.53,-77.39,24.87969423,17013,2089.894316
16872,0,42,40.97,-77.36,24.87251504,17701,1044.645632
16434,0,43,41.82,-79.68,24.86947789,16509,1069.387549
18825,0,2,41.83,-75.61,24.85025828,18519,49.70051656
16864,0,3,41.15,-77.8,24.71164252,16803,74.13492755
17841,0,155,40.7,-77.31,24.60176944,17870,3813.274263
15559,0,53,40.04,-78.64,24.58643634,15901,1303.081126
16882,0,29,40.92,-77.3,24.49354328,17870,710.3127552
17094,0,86,40.56,-77.23,24.40310737,17110,2098.667233
16354,0,354,41.62,-79.67,24.37484648,16335,8628.695654
17049,0,107,40.65,-77.28,24.35680627,17870,2606.178271
15845,0,169,41.49,-78.67,24.35422373,15801,4115.86381
15501,0,609,40,-79.07,24.29273945,15901,14794.27833
17056,0,2,40.53,-77.36,24.28480758,17013,48.56961516
16373,0,70,41.18,-79.7,24.21188088,16001,1694.831662
16054,0,29,41.16,-79.65,24.20621218,16001,701.9801531
17238,0,60,39.86,-78.15,24.17123262,16634,1450.273957
16232,0,194,41.23,-79.53,23.94836734,15825,4645.983265
16822,0,99,41.07,-77.58,23.93697858,16801,2369.76088
17035,0,18,40.42,-77.55,23.92048942,17013,430.5688095
17758,0,31,41.35,-76.6,23.86408144,17701,739.7865245
16825,0,5,40.99,-78.32,23.78390858,15801,118.9195429
16878,0,91,40.94,-78.36,23.75253641,15801,2161.480813
16326,0,17,41.38,-79.43,23.71839518,15825,403.212718
15821,0,13,41.35,-78.37,23.69804769,15801,308.07462
16259,0,72,40.94,-79.45,23.68971554,16001,1705.659519
16620,0,35,40.84,-78.35,23.60720576,16602,826.2522017
16323,0,776,41.39,-79.83,23.58435036,16335,18301.45588
18328,0,302,41.22,-74.87,23.52257079,18360,7103.816377
15753,0,12,40.81,-78.62,23.48721765,15801,281.8466118
16248,0,132,41.04,-79.5,23.43574123,15825,3093.517843
15341,0,30,39.84,-80.34,23.37798333,15301,701.3394999
16666,0,168,40.89,-78.33,23.37276935,16803,3926.62525
18464,0,37,41.4,-75.18,23.35595154,18519,864.170207
18816,0,9,41.74,-75.89,23.29218131,18508,209.6296318
15535,0,75,39.91,-78.37,23.25602924,16634,1744.202193
17765,0,24,41.55,-76.89,23.25101325,17701,558.0243179
16876,0,27,40.96,-78.29,23.21871983,16803,626.9054353
16407,0,335,41.92,-79.63,23.21673509,16509,7777.606255
15411,0,23,39.74,-79.33,23.18711227,15401,533.3035821
16748,0,39,41.96,-78.19,23.18096058,16701,904.0574627
15380,0,9,39.88,-80.46,23.1624809,15301,208.4623281
16826,0,37,41.06,-77.59,23.07165195,16801,853.6511223
18451,0,25,41.39,-75.19,23.00555767,18519,575.1389416
17745,0,1029,41.13,-77.45,22.95901083,17701,23624.82214
16845,0,29,41.12,-78.02,22.95657243,16803,665.7406006
15721,0,5,40.81,-78.78,22.9214294,15801,114.607147
15551,0,11,39.87,-79.29,22.89783175,15401,251.8761492
15349,0,45,39.75,-80.11,22.88616472,15401,1029.877412
18428,0,572,41.47,-75.18,22.83863745,18519,13063.70062
16881,0,97,41.03,-78.32,22.71284976,15801,2203.146427
16345,0,63,41.94,-79.08,22.71135807,16701,1430.815558
16848,0,12,41.01,-77.53,22.60923528,16801,271.3108233
17739,0,5,41.4,-77.4,22.54388819,17701,112.7194409
16930,0,31,41.55,-77.1,22.38095871,17701,693.8097199
16735,0,236,41.66,-78.8,22.29198395,16701,5260.908212
16832,0,39,40.84,-77.43,22.28718334,16801,869.2001501
15522,0,567,40.01,-78.5,22.27184056,16634,12628.1336
17217,0,11,40.25,-77.7,22.23675084,17201,244.6042593
16651,0,156,40.82,-78.35,22.23628048,16602,3468.859756
16036,0,2,41.14,-79.68,22.22281467,16001,44.44562933
16861,0,13,40.86,-78.52,22.22281467,15801,288.8965906
16661,0,59,40.82,-78.44,22.18033209,16602,1308.639593
16692,0,24,40.74,-78.68,22.15798536,16602,531.7916487
16858,0,180,41.01,-78.22,22.15086313,16803,3987.155363
17212,0,29,39.84,-78.05,22.14825736,17201,642.2994636
17075,0,10,40.39,-77.83,21.83720575,16634,218.3720575
15539,0,26,40.13,-78.59,21.83553224,15901,567.7238383
18823,0,10,41.78,-75.7,21.7914712,18519,217.914712
16255,0,100,41.1,-79.49,21.78927407,15825,2178.927407
16743,0,144,41.81,-78.27,21.70954861,16701,3126.175
17726,0,2,41.12,-77.42,21.70544752,17701,43.41089504
18473,0,11,41.53,-75.21,21.6709076,18519,238.3799836
18826,0,53,41.76,-75.78,21.66140871,18519,1148.054662
16401,0,159,41.88,-80.41,21.65660962,16335,3443.40093
18619,0,5,41.43,-76.71,21.62333893,17701,108.1166947
18630,0,176,41.61,-76.04,21.5704391,18504,3796.397281
16374,0,68,41.26,-79.82,21.53415326,16137,1464.322422
17051,0,126,40.49,-77.74,21.49272161,16801,2708.082923
15857,0,618,41.42,-78.55,21.47469908,15801,13271.36403
18430,0,2,41.76,-75.47,21.4686233,18519,42.9372466
16443,0,79,41.94,-80.47,21.45373594,16505,1694.845139
15560,0,18,40.02,-78.91,21.38870208,15901,384.9966375
16645,0,6,40.8,-78.5,21.35716354,16602,128.1429812
15554,0,100,40.1,-78.64,21.34924872,15901,2134.924872
17213,0,10,40.25,-77.77,21.33239249,16634,213.3239249
15742,0,52,40.81,-78.83,21.31108408,15701,1108.176372
16334,0,16,41.29,-79.45,21.26255664,15825,340.2009063
16328,0,5,41.65,-79.73,21.23534775,16335,106.1767387
16854,0,79,40.89,-77.47,21.07566614,16801,1664.977625
15738,0,6,40.69,-78.76,21.05627753,15701,126.3376652
18844,0,77,41.69,-75.91,20.98680654,18504,1615.984104
17054,0,8,40.5,-77.73,20.98083145,16801,167.8466516
17062,0,134,40.55,-77.15,20.97038798,17110,2810.031989
16332,0,19,41.37,-79.37,20.92905738,15825,397.6520901
16663,0,15,40.8,-78.35,20.86656603,16602,312.9984904
16333,0,25,41.75,-78.93,20.83166869,16701,520.7917171
16681,0,10,40.8,-78.43,20.76040481,16602,207.6040481
16254,0,131,41.25,-79.46,20.75540753,15825,2718.958387
18629,0,88,41.56,-76.06,20.72177646,18504,1823.516328
16671,0,36,40.8,-78.39,20.7071201,16602,745.4563236
15502,0,21,40.03,-79.24,20.69120716,15650,434.5153503
16361,0,6,41.38,-79.35,20.69076756,15825,124.1446054
16855,0,6,41,-78.38,20.67438131,15801,124.0462878
15424,0,74,39.8,-79.35,20.63342573,15401,1526.873504
16404,0,49,41.73,-79.76,20.61685675,16335,1010.225981
16210,0,55,40.9,-79.5,20.61144519,16001,1133.629486
15541,0,110,40.04,-79,20.56781782,15901,2262.45996
16652,0,827,40.49,-78.01,20.5552684,16602,16999.20696
16220,0,6,41.42,-79.27,20.48727719,15825,122.9236631
18453,0,23,41.73,-75.43,20.46550233,18519,470.7065535
16863,0,14,40.9,-78.5,20.46397536,15801,286.4956551
18210,0,476,41,-75.58,20.43859338,18360,9728.770449
18431,0,493,41.57,-75.25,20.39362517,18519,10054.05721
17563,0,134,39.76,-76.18,20.34312547,17602,2725.978813
16656,0,46,40.77,-78.55,20.23024114,16602,930.5910923
17219,0,12,40.22,-77.7,20.18318454,17201,242.1982144
17044,0,1143,40.59,-77.57,20.16760593,16801,23051.57358
15737,0,21,40.6,-78.76,20.16515373,16602,423.4682284
15359,0,5,39.88,-80.28,20.12044218,15301,100.6022109
15773,0,27,40.63,-78.74,20.01396103,16602,540.3769477
16239,0,45,41.45,-79.08,20.01271598,15825,900.5722191
16238,0,28,40.79,-79.52,19.94668243,15068,558.5071081
17029,0,9,40.56,-77.62,19.94668243,16801,179.5201419
16834,0,18,41.05,-78.09,19.91211559,16803,358.4180806
15926,0,97,40.05,-78.82,19.8971846,15901,1930.026906
15772,0,63,40.86,-78.94,19.89297274,15701,1253.257283
17014,0,5,40.66,-77.19,19.83393112,17870,99.1696556
17845,0,103,40.86,-77.23,19.82992045,17870,2042.481807
18325,0,117,41.26,-75.27,19.76785274,18360,2312.838771
16847,0,14,41,-78.17,19.75626591,16803,276.5877228
17747,0,78,41.03,-77.3,19.72156094,17701,1538.281754
17037,0,35,40.43,-77.42,19.66861812,17013,688.401634
15714,0,274,40.66,-78.78,19.64301907,15701,5382.187225
15724,0,65,40.72,-78.8,19.64064224,15701,1276.641745
16201,0,860,40.82,-79.52,19.5854492,16001,16843.48631
15370,0,403,39.89,-80.18,19.57869307,15301,7890.213309
18426,0,221,41.32,-75.3,19.51491671,18505,4312.796593
16654,0,2,40.49,-78.03,19.5023735,16602,39.004747
17763,0,2,41.51,-76.98,19.49688287,17701,38.99376575
15536,0,18,39.93,-78.21,19.43448218,16634,349.8206792
16236,0,22,40.78,-79.52,19.4027315,15068,426.8600931
16724,0,3,41.75,-78.39,19.40238073,16701,58.20714218
16829,0,20,41.08,-77.87,19.38505906,16803,387.7011812
17314,0,279,39.76,-76.33,19.38357278,17602,5408.016806
16030,0,8,41.13,-79.79,19.35119438,16001,154.809555
17812,0,45,40.74,-77.22,19.33424408,17870,870.0409836
15853,0,422,41.42,-78.72,19.32954925,15801,8157.069783
17060,0,46,40.51,-77.86,19.32756638,16801,889.0680535
15446,0,23,40.03,-79.39,19.32606031,15650,444.4993871
17210,0,7,40.21,-77.66,19.3257471,17201,135.2802297
16049,0,115,41.09,-79.68,19.30070144,16001,2219.580666
17066,0,311,40.38,-77.88,19.29572301,16634,6000.969855
16646,0,89,40.66,-78.7,19.26091167,16602,1714.221138
16852,0,18,40.94,-77.54,19.25767304,16801,346.6381147
16821,0,4,40.96,-78.2,19.20333299,16803,76.81333197
16667,0,61,40.18,-78.53,19.15973633,16634,1168.743916
15561,0,2,40.09,-79.09,19.10146927,15901,38.20293855
18445,0,105,41.3,-75.32,18.97960142,18505,1992.858149
18460,0,16,41.27,-75.34,18.90812477,18505,302.5299963
15622,0,52,40.04,-79.32,18.89758563,15650,982.6744526
16837,0,4,40.95,-78.47,18.87881265,15801,75.51525059
16410,0,76,41.9,-80.34,18.87275979,16508,1434.329744
19362,0,187,39.74,-76.04,18.87014636,19348,3528.71737
16372,0,8,41.2,-79.87,18.81132837,16137,150.490627
17009,0,124,40.63,-77.56,18.80842643,16801,2332.244877
16616,0,8,40.77,-78.44,18.74863546,16602,149.9890837
16235,0,44,41.31,-79.38,18.74513382,15825,824.7858879
16221,0,2,41.1,-79.43,18.72519343,15825,37.45038686
17006,0,28,40.33,-77.51,18.67963963,17013,523.0299095
18466,0,724,41.18,-75.43,18.64195973,18360,13496.77884
15757,0,51,40.87,-78.72,18.63888707,15801,950.5832406
17321,0,88,39.75,-76.44,18.62141798,17402,1638.684782
16411,0,79,41.98,-80.44,18.58212045,16505,1467.987516
17220,0,16,40.19,-77.74,18.56225252,17201,296.9960403
16222,0,75,40.88,-79.24,18.55192848,15701,1391.394636
17536,0,69,39.82,-76.09,18.52656304,19320,1278.33285
18347,0,150,41.11,-75.56,18.4862265,18702,2772.933975
15741,0,6,40.8,-78.89,18.45650231,15701,110.7390139
16841,0,196,41.01,-77.65,18.4422571,16801,3614.682392
18438,0,68,41.43,-75.27,18.3811474,18519,1249.918023
16660,0,5,40.46,-78.05,18.37632216,16634,91.8816108
17776,0,11,41.41,-77.29,18.36486548,17701,202.0135203
16342,0,69,41.36,-79.93,18.36197417,16137,1266.976218
16223,0,3,40.99,-79.35,18.34150245,15825,55.02450736
17742,0,2,41.24,-76.6,18.31835036,17815,36.63670071
16260,0,5,41.4,-79.23,18.31063997,15825,91.55319983
17779,0,19,41.21,-77.38,18.28887553,17701,347.488635
15555,0,12,40.1,-79.08,18.23970039,15901,218.8764047
16733,0,6,41.7,-78.58,18.20938688,16701,109.2563213
16839,0,52,41.01,-78.11,18.18965774,16803,945.8622024
15521,0,78,40.19,-78.62,18.11884107,15901,1413.269603
15459,0,61,39.73,-79.45,18.11733464,15401,1105.157413
17002,0,5,40.53,-77.81,18.06312724,16801,90.31563619
17233,0,277,39.93,-77.99,18.05923345,17201,5002.407665
16226,0,414,40.76,-79.53,18.00248304,15068,7453.027979
15346,0,37,39.94,-80.08,17.99379515,15301,665.7704206
15469,0,82,40.01,-79.42,17.95295975,15401,1472.142699
16134,0,173,41.48,-80.43,17.95010977,16148,3105.36899
15760,0,5,40.64,-78.81,17.92713257,15701,89.63566287
16627,0,129,40.74,-78.53,17.91541413,16602,2311.088423
18470,0,80,41.71,-75.49,17.88014933,18519,1430.411947
16677,0,19,40.81,-78.24,17.84054244,16803,338.9703063
17882,0,3,40.81,-77.2,17.84054244,17870,53.52162732
16840,0,36,40.92,-78.2,17.76475655,16803,639.5312359
15344,0,68,39.93,-80.05,17.74903781,15401,1206.934571
15924,0,45,40.1,-78.76,17.74205909,15901,798.3926589
18610,0,283,41.04,-75.52,17.73944895,18360,5020.264052
16830,0,892,41.02,-78.43,17.71881161,15801,15805.17996
16228,0,16,40.76,-79.54,17.66964588,15068,282.7143341
16233,0,39,41.36,-79.29,17.60882241,15825,686.7440741
16860,0,22,40.94,-78.18,17.56257485,16803,386.3766467
17099,0,80,40.64,-77.58,17.55243994,16801,1404.195195
16670,0,5,40.26,-78.51,17.54733778,16602,87.73668892
17762,0,16,41.28,-76.7,17.52841698,17701,280.4546717
16362,0,47,41.43,-79.95,17.52430338,16335,823.6422588
16655,0,71,40.23,-78.5,17.50835373,16634,1243.093115
16669,0,94,40.57,-78.04,17.49140707,16803,1644.192264
18824,0,78,41.7,-75.76,17.45193424,18519,1361.250871
17239,0,2,40.13,-77.85,17.40483643,17201,34.80967286
15322,0,101,39.97,-80.04,17.40113502,15301,1757.514637
16750,0,11,41.88,-78.32,17.3941181,16701,191.3352991
16866,0,553,40.89,-78.21,17.39109481,16803,9617.275432
18456,0,13,41.58,-75.32,17.31182137,18519,225.0536779
15327,0,47,39.75,-79.99,17.3095205,15401,813.5474633
16640,0,89,40.71,-78.58,17.30822503,16602,1540.432027
16256,0,12,40.87,-79.17,17.28256113,15701,207.3907336
15780,0,7,40.91,-79.07,17.25944105,15825,120.8160874
16020,0,52,41.11,-79.9,17.25930295,16001,897.4837534
15462,0,26,40.06,-79.38,17.24898315,15650,448.473562
17228,0,41,39.97,-78.08,17.23188292,16634,706.5071999
15722,0,81,40.6,-78.7,17.23171657,16602,1395.769042
17829,0,2,40.9,-77.16,17.1671185,17870,34.33423699
15520,0,8,40.11,-79.06,17.12745259,15901,137.0196207
18624,0,21,41.05,-75.66,17.08538968,18702,358.7931833
15537,0,401,40.01,-78.36,17.07997313,16634,6849.069226
17748,0,17,41.15,-77.34,17.0768836,17701,290.3070211
15544,0,14,40.13,-79.1,17.06977395,15901,238.9768353
16430,0,2,42,-80.42,16.96656298,16505,33.93312595
17774,0,50,41.24,-76.52,16.95977475,17815,847.9887377
15762,0,13,40.59,-78.83,16.95563566,15701,220.4232636
15432,0,11,40.11,-79.86,16.89893615,15401,185.8882976
15337,0,17,39.95,-80.38,16.89621886,15301,287.2357207
15315,0,11,39.75,-79.98,16.87065733,15401,185.5772307
16859,0,22,41.02,-78.04,16.85757196,16803,370.866583
16040,0,30,41.1,-79.83,16.85592184,16001,505.6776553
16317,0,46,41.53,-79.85,16.83488316,16335,774.4046255
16028,0,90,40.98,-79.61,16.83334407,16001,1515.000966
16849,0,8,40.97,-78.13,16.8135005,16803,134.508004
17260,0,38,40.29,-77.87,16.79322681,16634,638.1426186
16879,0,22,40.96,-78.14,16.73004383,16803,368.0609642
15423,0,79,40.09,-79.93,16.72768157,15102,1321.486844
15746,0,5,40.76,-78.89,16.72748706,15701,83.63743531
16843,0,47,41.01,-78.46,16.71131295,15801,785.4317088
16242,0,166,41,-79.32,16.70183268,15825,2772.504226
18622,0,11,41.2,-76.27,16.69619341,17815,183.6581275
17772,0,90,41.1,-76.76,16.6951529,17701,1502.563761
15490,0,7,40.07,-79.42,16.69375746,15650,116.8563022
15377,0,38,39.99,-80.45,16.67650733,15301,633.7072784
18333,0,33,40.9,-75.49,16.64033126,18360,549.1309314
16680,0,13,40.74,-78.38,16.59362665,16602,215.7171465
16740,0,47,41.72,-78.64,16.56379413,16701,778.4983239
15744,0,3,40.92,-79.08,16.56148314,15825,49.68444943
15368,0,30,40.01,-79.99,16.55577349,15401,496.6732046
17255,0,38,40.18,-77.86,16.53219298,16634,628.2233333
15012,0,743,40.12,-79.86,16.47012143,15102,12237.30022
16218,0,31,40.93,-79.59,16.43448236,16001,509.4689533
16833,0,262,40.97,-78.51,16.42195413,15801,4302.551982
15348,0,19,39.99,-80,16.39272673,15401,311.4618079
17223,0,22,40.06,-77.93,16.39028392,16634,360.5862463
17074,0,478,40.47,-77.13,16.35294732,17110,7816.708819
18346,0,158,41.14,-75.42,16.31635033,18360,2577.983352
18350,0,78,41.11,-75.45,16.27827165,18360,1269.705189
15767,0,765,40.94,-78.97,16.2325296,15825,12417.88514
16435,0,84,41.8,-80.37,16.22841468,16335,1363.186833
17352,0,42,39.76,-76.5,16.21008739,17402,680.8236703
16611,0,99,40.55,-78.1,16.16816975,16602,1600.648806
16263,0,14,40.81,-79.33,16.1616309,15701,226.2628325
17737,0,304,41.23,-76.72,16.15006913,17701,4909.621017
17813,0,95,40.75,-77.16,16.11072232,17870,1530.518621
15450,0,19,40.01,-79.98,16.09812915,15401,305.8644539
15927,0,40,40.54,-78.78,16.02905613,15901,641.1622454
16214,0,463,41.21,-79.38,16.01589466,15825,7415.359229
15563,0,115,40.1,-78.95,16.00956998,15901,1841.100548
17215,0,28,40.08,-77.88,16.00065793,17201,448.018422
15831,0,27,41.35,-78.6,15.99561973,15801,431.8817328
16683,0,11,40.62,-78.14,15.99286574,16602,175.9215231
17349,0,404,39.73,-76.69,15.94813348,17402,6443.045927
18235,0,1018,40.83,-75.71,15.93547362,18201,16222.31214
17749,0,5,41.07,-76.81,15.92452149,17701,79.62260743
15466,0,28,40.08,-79.89,15.91361762,15401,445.5812934
17302,0,115,39.82,-76.39,15.91341925,17602,1830.043214
15771,0,35,40.82,-79,15.88923615,15701,556.1232651
16682,0,14,40.27,-78.46,15.88275675,16634,222.3585945
15427,0,76,40.07,-79.97,15.87873038,15301,1206.783509
16212,0,30,40.75,-79.58,15.86472621,15068,475.9417863
18244,0,12,40.82,-75.67,15.80093174,18104,189.6111809
18058,0,514,40.88,-75.47,15.75009253,18017,8095.54756
18323,0,12,41.2,-75.27,15.74553722,18360,188.9464466
17045,0,139,40.6,-77,15.6366814,17870,2173.498714
15533,0,82,39.99,-78.24,15.6254306,16634,1281.28531
15438,0,107,40.1,-79.83,15.62030492,15401,1671.372626
15434,0,12,40.08,-79.88,15.61883615,15401,187.4260338
17086,0,72,40.69,-77.12,15.61389719,17870,1124.200597
16438,0,344,41.89,-79.84,15.61272467,16509,5370.777286
17024,0,90,40.41,-77.31,15.61115213,17013,1405.003692
16022,0,33,41.05,-79.73,15.55507697,16001,513.3175399
18424,0,314,41.24,-75.45,15.53314097,18505,4877.406264
17262,0,41,40.15,-77.71,15.50862958,17201,635.8538127
15364,0,27,39.95,-80.3,15.50849028,15301,418.7292376
17721,0,56,41.18,-77.32,15.50273381,17701,868.1530931
16668,0,129,40.63,-78.64,15.49053348,16602,1998.278818
16245,0,4,41.01,-79.3,15.46239789,15825,61.84959156
16875,0,172,40.86,-77.57,15.45121589,16801,2657.609133
15827,0,28,41.29,-78.51,15.44572392,15801,432.4802697
15412,0,6,40.09,-79.85,15.42726018,15401,92.56356106
16874,0,79,41.02,-77.95,15.40501826,16803,1216.996443
16110,0,9,41.5,-80.37,15.3439336,16335,138.0954024
15072,0,9,40.14,-79.86,15.33172979,15102,137.9855681
15631,0,31,40.09,-79.58,15.32595549,15601,475.1046202
17052,0,52,40.37,-77.97,15.28193942,16634,794.6608496
18655,0,336,41.15,-76.15,15.27404234,18202,5132.078227
18611,0,6,41.19,-76.3,15.2716856,17815,91.63011361
17856,0,126,41.04,-76.88,15.26932803,17701,1923.935331
15686,0,29,40.62,-79.44,15.24769339,15701,442.1831082
17886,0,47,41.02,-76.88,15.21707802,17870,715.2026669
17063,0,158,40.71,-77.58,15.20595689,16801,2402.541188
15333,0,138,40.02,-80.03,15.19623489,15301,2097.080414
15358,0,44,40.05,-80,15.17235668,15301,667.583694
15464,0,46,39.96,-79.45,15.13349739,15401,696.14088
16749,0,68,41.8,-78.44,15.11122707,16701,1027.563441
15477,0,25,40.08,-79.86,15.06810234,15401,376.7025586
15546,0,32,40.14,-79.05,15.05522558,15901,481.7672186
15868,0,64,41.26,-78.49,15.00164284,15801,960.1051416
17236,0,352,39.83,-77.9,14.972764,17201,5270.412927
17263,0,8,39.72,-77.72,14.9591271,17201,119.6730168
17363,0,519,39.75,-76.59,14.95879671,17402,7763.615493
15618,0,125,40.52,-79.47,14.95261654,15601,1869.077068
17243,0,65,40.24,-77.89,14.95223843,16634,971.8954979
16428,0,630,42.21,-79.83,14.95213803,16509,9419.846962
19363,0,719,39.78,-75.98,14.95065591,19348,10749.5216
18421,0,261,41.65,-75.46,14.93631368,18519,3898.37787
16730,0,2,41.82,-78.42,14.90221561,16701,29.80443121
17250,0,12,39.74,-77.52,14.82031538,17201,177.8437846
15483,0,21,40.08,-79.85,14.81359366,15401,311.0854668
15022,0,553,40.13,-79.9,14.8028192,15102,8185.959017
15419,0,114,40.06,-79.89,14.79843732,15401,1687.021854
15710,0,11,40.64,-78.87,14.78426509,15701,162.626916
17240,0,99,40.13,-77.55,14.7830168,17201,1463.518663
17004,0,50,40.6,-77.72,14.78165141,16801,739.0825704
17097,0,22,40.57,-76.68,14.77175173,17112,324.9785381
17061,0,341,40.54,-76.95,14.76061141,17112,5033.36849
15357,0,50,39.94,-79.99,14.75325615,15401,737.6628075
17518,0,51,39.83,-76.25,14.72987589,17602,751.2236704
18371,0,20,41.16,-75.04,14.68503847,18360,293.7007694
15646,0,7,40.1,-79.34,14.64290361,15650,102.5003253
15683,0,342,40.1,-79.58,14.64290361,15601,5007.873035
16625,0,243,40.29,-78.44,14.64252169,16602,3558.132771
17023,0,167,40.58,-76.82,14.64236076,17112,2445.274246
15474,0,84,39.73,-79.9,14.61433342,15401,1227.604007
15376,0,64,40.1,-80.5,14.59120882,15301,933.8373642
15781,0,9,40.96,-78.99,14.5798978,15825,131.2190802
15841,0,12,41.26,-78.5,14.56987946,15801,174.8385535
17030,0,28,40.61,-76.74,14.54614158,17870,407.2919642
15778,0,10,40.97,-79.2,14.53216229,15825,145.3216229
17048,0,200,40.58,-76.76,14.52814614,17112,2905.629228
16424,0,225,41.65,-80.42,14.51095585,16335,3264.965067
18334,0,187,41.07,-75.44,14.46585712,18360,2705.115282
17068,0,248,40.41,-77.18,14.45599712,17050,3585.087285
16686,0,801,40.67,-78.24,14.4374519,16602,11564.39897
16249,0,69,40.79,-79.31,14.42887523,15701,995.5923907
17249,0,7,40.24,-77.9,14.42864974,16634,101.0005482
16130,0,63,41.44,-80.22,14.41226133,16335,907.9724639
15931,0,344,40.48,-78.72,14.40676576,15901,4955.927423
15334,0,6,39.81,-79.97,14.39449571,15401,86.36697425
15312,0,144,40.28,-80.47,14.33748358,15301,2064.597636
18030,0,11,40.8,-75.66,14.32648194,18104,157.5913013
18342,0,2,41.17,-75.3,14.31434784,18360,28.62869568
15492,0,6,40.12,-79.76,14.28730739,15642,85.72384434
15655,0,34,40.19,-79.16,14.27680395,15650,485.4113342
16151,0,5,41.44,-80.21,14.27167228,16335,71.35836142
16856,0,16,40.93,-77.65,14.25177998,16801,228.0284797
15338,0,68,39.84,-79.98,14.24698859,15401,968.7952244
18657,0,743,41.53,-75.94,14.23959321,18504,10580.01776
17506,0,23,40.12,-76.05,14.20213586,17601,326.6491247
17047,0,58,40.38,-77.33,14.19234658,17013,823.1561015
15433,0,21,39.98,-79.96,14.17872601,15401,297.7532462
16244,0,9,40.8,-79.28,14.1725222,15701,127.5526998
16050,0,64,41.04,-79.76,14.16116068,16001,906.3142833
15062,0,396,40.15,-79.88,14.15955516,15102,5607.183842
15547,0,15,40.16,-79.06,14.15891838,15901,212.3837757
17098,0,121,40.58,-76.61,14.15572423,17872,1712.842632
15846,0,155,41.32,-78.6,14.14787617,15801,2192.920806
18636,0,74,41.42,-76.05,14.14533364,18704,1046.75469
18656,0,128,41.28,-76.15,14.12520475,18704,1808.026208
16412,0,571,41.88,-80.17,14.11262322,16509,8058.307857
15715,0,53,40.97,-78.88,14.10712184,15801,747.6774578
15925,0,13,40.41,-78.64,14.09183968,16602,183.1939159
17214,0,84,39.73,-77.46,14.0532107,17325,1180.469699
16639,0,58,40.7,-78.45,14.04849657,16602,814.8128013
17005,0,7,40.6,-76.81,14.04799837,17870,98.33598858
15957,0,18,40.55,-78.9,14.01032611,15701,252.1858699
15729,0,35,40.69,-78.9,13.99746754,15701,489.9113637
16644,0,8,40.7,-78.44,13.95961148,16602,111.6768918
17271,0,13,40.11,-77.77,13.95524371,17201,181.4181683
18331,0,45,40.91,-75.44,13.94401723,18360,627.4807754
15429,0,9,40,-79.94,13.93144394,15401,125.3829955
16838,0,80,40.96,-78.61,13.91336726,15801,1113.069381
16131,0,36,41.55,-80.38,13.89856168,16335,500.3482207
17355,0,15,39.76,-76.69,13.8902992,17402,208.354488
15677,0,25,40.14,-79.24,13.87082341,15650,346.7705853
16230,0,18,41.02,-79.27,13.84668292,15825,249.2402926
17084,0,151,40.68,-77.63,13.81859811,16801,2086.608315
17847,0,595,41,-76.85,13.81082795,17870,8217.442632
17980,0,131,40.58,-76.55,13.80037182,17872,1807.848708
15628,0,24,40.11,-79.38,13.79924629,15650,331.1819109
16262,0,120,40.83,-79.63,13.78074548,16001,1653.689457
16035,0,7,41.11,-80.01,13.75657412,16137,96.29601882
18229,0,599,40.87,-75.73,13.72332937,18201,8220.274295
18463,0,8,41.36,-75.4,13.72032303,18519,109.7625842
15033,0,277,40.17,-79.86,13.70758257,15102,3797.000371
18472,0,238,41.58,-75.4,13.7043287,18519,3261.63023
18012,0,17,40.81,-75.59,13.69734007,18052,232.8547811
15761,0,7,40.63,-78.89,13.68673207,15701,95.80712448
16406,0,137,41.75,-80.36,13.67955792,16335,1874.099435
18330,0,506,40.96,-75.45,13.66859548,18360,6916.309312
16057,0,526,41.07,-80.06,13.63033605,16137,7169.556763
17777,0,306,41.08,-76.86,13.62947321,17701,4170.618803
16360,0,47,41.67,-79.88,13.61546717,16335,639.9269569
17865,0,3,40.99,-76.79,13.6135564,17870,40.84066921
17814,0,191,41.19,-76.38,13.61102215,17815,2599.705231
16427,0,19,41.87,-79.97,13.59996486,16509,258.3993323
15948,0,16,40.49,-78.76,13.58184886,15901,217.3095818
17224,0,110,39.97,-77.9,13.55880998,17201,1491.469098
15313,0,14,40.07,-80.02,13.54238034,15301,189.5933248
16145,0,80,41.38,-80.08,13.52225155,16137,1081.780124
18071,0,665,40.8,-75.61,13.48368278,18104,8966.649046
18326,0,305,41.17,-75.25,13.48042461,18360,4111.529506
17266,0,23,40.09,-77.41,13.46248033,17013,309.6370476
15680,0,10,40.52,-79.5,13.44653655,15068,134.4653655
16731,0,76,41.95,-78.38,13.41227034,16701,1019.332546
15325,0,22,39.95,-79.96,13.40474011,15401,294.9042823
16664,0,53,40.18,-78.42,13.38847639,16634,709.5892487
15314,0,211,40.11,-80,13.36589951,15301,2820.204797
17372,0,198,40,-77.11,13.3494355,17325,2643.188229
18211,0,62,40.74,-75.82,13.33428431,18051,826.7256274
16224,0,32,41.05,-79.29,13.33293509,15825,426.6539228
15923,0,63,40.39,-79.15,13.32689239,15901,839.5942206
15687,0,45,40.13,-79.29,13.3003419,15650,598.5153856
15733,0,5,40.99,-78.96,13.29987608,15825,66.4993804
15320,0,218,39.89,-79.97,13.28657744,15401,2896.473881
15428,0,67,40.08,-79.68,13.27955918,15401,889.7304653
18413,0,12,41.65,-75.53,13.26932145,18519,159.2318574
18446,0,173,41.62,-75.78,13.26551478,18519,2294.934058
15473,0,95,40.08,-79.75,13.2051121,15401,1254.485649
16423,0,266,42.01,-80.34,13.20510499,16505,3512.557928
15922,0,28,40.52,-78.88,13.20487118,15901,369.7363931
17957,0,7,40.59,-76.52,13.20472857,17872,92.43309999
17756,0,572,41.2,-76.78,13.19070079,17701,7545.080853
17022,0,1604,40.15,-76.59,13.17125092,17520,21126.68647
15054,0,28,40.36,-80.4,13.16132059,15275,368.5169765
17251,0,3,40.12,-77.67,13.15171809,17201,39.45515427
17361,0,289,39.77,-76.68,13.15155619,17402,3800.799739
17509,0,163,39.91,-76.04,13.13403801,19320,2140.848196
15946,0,300,40.38,-78.67,13.12985007,15901,3938.955022
18441,0,17,41.66,-75.61,13.12261363,18519,223.0844317
17519,0,154,40.14,-76.02,13.12016656,19611,2020.50565
17309,0,73,39.86,-76.45,13.11827587,17402,957.6341383
16115,0,150,40.81,-80.42,13.10806041,16101,1966.209062
15531,0,174,40.16,-79.02,13.09210861,15901,2278.026899
15444,0,21,40.01,-79.91,13.05114425,15401,274.0740293
16311,0,3,41.47,-80.03,13.04443448,16335,39.13330344
16038,0,93,41.13,-80.01,13.04435698,16137,1213.125199
17963,0,469,40.54,-76.38,13.04116745,17901,6116.307532
16442,0,137,42,-79.8,13.0254513,16509,1784.486828
15345,0,80,40.01,-80.11,13.01230523,15301,1040.984419
16877,0,97,40.7,-78.11,13.00207986,16803,1261.201746
15004,0,33,40.34,-80.38,12.9971499,15275,428.9059467
17268,0,1734,39.75,-77.58,12.9645699,17201,22480.56421
18661,0,351,41.06,-75.77,12.91996686,18201,4534.908369
17555,0,210,40.12,-75.97,12.85580566,19320,2699.719189
15949,0,38,40.41,-79.13,12.85558727,15901,488.5123164
15938,0,143,40.42,-78.62,12.84166488,16602,1836.358078
16647,0,27,40.39,-78.11,12.81761832,16634,346.0756947
18212,0,7,40.77,-75.72,12.81401517,18051,89.69810618
16258,0,109,41.2,-79.32,12.81364718,15825,1396.687542
16125,0,659,41.4,-80.38,12.80802302,16148,8440.48717
15043,0,78,40.64,-80.49,12.78651496,15001,997.3481665
18344,0,169,41.12,-75.35,12.77475752,18360,2158.934022
17566,0,381,39.89,-76.16,12.74133974,17602,4854.45044
17578,0,178,40.23,-76.18,12.70538347,17520,2261.558257
16637,0,179,40.32,-78.45,12.6966404,16602,2272.698632
16114,0,24,41.4,-80.18,12.69122657,16137,304.5894378
17221,0,42,40.05,-77.83,12.64097927,17201,530.9211293
16041,0,76,40.99,-79.72,12.63479118,16001,960.2441296
16217,0,12,41.33,-79.17,12.63334792,15825,151.6001751
18635,0,182,41.05,-76.21,12.6127892,18202,2295.527634
15331,0,67,40.1,-80.02,12.61185428,15301,844.9942369
15448,0,4,40.14,-79.73,12.59822041,15642,50.39288166
17844,0,368,40.92,-77.04,12.54964977,17870,4618.271116
18436,0,701,41.45,-75.38,12.53557819,18519,8787.440311
18349,0,5,41.1,-75.37,12.53061504,18360,62.65307521
16417,0,471,42,-80.31,12.52763969,16505,5900.518293
17967,0,126,40.85,-76.23,12.51984948,17901,1577.501034
18324,0,422,41.09,-75,12.49716585,18360,5273.803989
17581,0,38,40.16,-76.05,12.47791282,19611,474.160687
16619,0,24,40.68,-78.42,12.46461652,16602,299.1507965
15725,0,51,40.49,-79.36,12.46445954,15650,635.6874365
19559,0,18,40.49,-76.19,12.43125615,17901,223.7626106
17532,0,123,39.86,-76.29,12.43010952,17602,1528.903471
15936,0,68,40.15,-78.91,12.41938623,15901,844.5182636
17887,0,32,41.08,-76.9,12.3741259,17701,395.9720288
17229,0,64,40.08,-78.01,12.33782505,16634,789.6208034
15087,0,14,40.19,-79.85,12.32856009,15642,172.5998413
15417,0,344,40.01,-79.89,12.24872397,15401,4213.561047
15078,0,24,40.36,-80.38,12.24132331,15275,293.7917595
17978,0,8,40.62,-76.65,12.22569971,17872,97.80559771
15447,0,3,39.94,-79.94,12.18638225,15401,36.55914674
17740,0,531,41.2,-77.26,12.16253891,17701,6458.308159
15451,0,31,39.74,-79.84,12.15968608,15401,376.9502685
15612,0,18,40.14,-79.6,12.15104026,15601,218.7187247
15681,0,289,40.48,-79.44,12.14930137,15650,3511.148095
15960,0,25,40.5,-78.85,12.14909666,15901,303.7274165
16659,0,6,40.16,-78.39,12.14229234,16634,72.85375406
15940,0,53,40.5,-78.63,12.11461321,16602,642.0745003
16240,0,93,41.02,-79.22,12.11433376,15825,1126.63304
15711,0,15,41.01,-78.96,12.09954407,15825,181.493161
15745,0,13,40.62,-78.92,12.09300023,15701,157.209003
15021,0,312,40.38,-80.39,12.08247454,15275,3769.732057
15482,0,32,40.06,-79.77,12.02541225,15401,384.813192
15479,0,44,40.15,-79.74,12.02370583,15642,529.0430566
19534,0,101,40.57,-75.89,12.02206229,19605,1214.228292
15679,0,144,40.15,-79.63,12.02170914,15601,1731.126117
16211,0,2,40.79,-79.2,12.02061385,15701,24.04122769
15764,0,2,40.99,-79.03,12.01817356,15825,24.03634713
17884,0,8,41.05,-76.67,12.00363091,17815,96.02904726
18427,0,14,41.4,-75.41,11.92811298,18519,166.9935817
19543,0,306,40.15,-75.9,11.91859656,19611,3647.090546
15759,0,53,40.77,-79.04,11.85344162,15701,628.2324058
17557,0,522,40.1,-76.09,11.84129778,17601,6181.157439
17570,0,5,40.13,-76.57,11.83625924,17520,59.18129619
18972,0,150,40.53,-75.12,11.83596575,18902,1775.394863
16246,0,2,40.79,-79.18,11.83567586,15701,23.67135172
17327,0,414,39.79,-76.73,11.82968364,17408,4897.489025
16250,0,8,40.78,-79.23,11.81267944,15701,94.50143551
16403,0,304,41.8,-80.06,11.79164398,16335,3584.659771
16055,0,401,40.73,-79.73,11.77724942,15068,4722.677016
19550,0,18,40.45,-76.25,11.74880859,17042,211.4785546
16673,0,250,40.33,-78.39,11.74162629,16602,2935.406574
18322,0,127,40.92,-75.4,11.74114362,18360,1491.12524
17861,0,6,40.77,-77.08,11.7229297,17870,70.33757822
15955,0,67,40.31,-78.69,11.7004657,15901,783.9312022
15050,0,90,40.59,-80.47,11.65267264,15001,1048.740538
17567,0,12,40.21,-76.11,11.62731735,19610,139.5278082
18977,0,179,40.28,-74.87,11.62501297,18974,2080.877322
15920,0,28,40.47,-79.05,11.61162216,15701,325.1254204
16624,0,2,40.57,-78.6,11.58396099,16602,23.16792197
17985,0,85,40.93,-76.25,11.5226966,17815,979.4292113
15460,0,3,39.81,-79.91,11.51291907,15401,34.53875721
17231,0,9,39.85,-77.84,11.50778929,17201,103.5701036
18603,0,1084,41.05,-76.24,11.50407174,17815,12470.41376
18617,0,126,41.17,-76.07,11.48829983,18702,1447.525779
15366,0,12,40.16,-79.97,11.48626607,15102,137.8351928
16141,0,61,40.83,-80.4,11.47884413,16101,700.2094918
18621,0,250,41.25,-76.1,11.47773946,18704,2869.434865
15828,0,41,41.32,-79.14,11.47517698,15825,470.4822562
15777,0,2,40.7,-78.96,11.40834021,15701,22.81668042
15439,0,2,39.74,-79.81,11.40283624,15401,22.80567248
17730,0,17,41.11,-76.88,11.39089943,17701,193.6452904
19529,0,174,40.63,-75.87,11.38277057,18051,1980.602079
17878,0,57,41.15,-76.36,11.36797982,17815,647.9748496
17517,0,706,40.23,-76.13,11.36134542,19610,8021.109869
19554,0,32,40.51,-76.1,11.34571607,19605,363.0629142
17771,0,137,41.39,-77.08,11.34387898,17701,1554.11142
19549,0,27,40.58,-76.02,11.3190543,17901,305.6144661
18921,0,10,40.53,-75.17,11.30645618,18951,113.0645618
19507,0,142,40.47,-76.29,11.29054911,17042,1603.257974
17862,0,13,40.86,-77.06,11.27064261,17870,146.5183539
18250,0,210,40.82,-75.84,11.26148388,18201,2364.911614
16120,0,71,40.85,-80.45,11.24628732,16101,798.4863994
15610,0,158,40.15,-79.42,11.2402701,15650,1775.962676
16225,0,4,41.26,-79.25,11.22971735,15825,44.91886939
17920,0,9,40.81,-76.34,11.20544488,17872,100.8490039
19567,0,338,40.36,-76.18,11.1713259,19610,3775.908155
17272,0,6,39.77,-77.62,11.15339082,17201,66.92034491
17837,0,699,40.96,-76.89,11.15192182,17870,7795.193355
15379,0,7,40.24,-80.43,11.15156908,15301,78.06098354
17535,0,76,39.98,-76.02,11.14611701,19320,847.1048929
15425,0,688,40.01,-79.58,11.1269468,15401,7655.339396
15921,0,31,40.32,-78.7,11.11130315,15901,344.4503978
17073,0,259,40.35,-76.21,11.10803593,17042,2876.981307
15736,0,12,40.69,-79.34,11.09158455,15701,133.0990146
17324,0,207,40.04,-77.18,11.08993866,17013,2295.617303
17960,0,144,40.68,-75.99,11.05393211,17901,1591.766224
17850,0,45,40.96,-76.86,11.04068134,17870,496.8306603
15747,0,73,40.78,-79.15,11.04033582,15701,805.9445147
15666,0,677,40.15,-79.54,11.03943529,15601,7473.69769
17040,0,93,40.34,-77.3,11.01091859,17013,1024.015429
16684,0,14,40.64,-78.3,11.00013567,16602,154.0018994
15430,0,7,40.04,-79.65,10.99598652,15401,76.97190567
19520,0,329,40.15,-75.83,10.99415837,19372,3617.078105
15360,0,93,40.08,-80.07,10.93753919,15301,1017.191144
18370,0,34,41.09,-75.34,10.91092167,18360,370.9713367
16693,0,168,40.46,-78.2,10.89302298,16602,1830.027861
17982,0,28,40.77,-76.04,10.87072173,17901,304.3802084
15962,0,12,40.39,-78.72,10.84939549,15901,130.1927459
19503,0,99,40.4,-75.58,10.82380002,19464,1071.556202
16853,0,61,40.94,-77.79,10.81732351,16801,659.8567338
15770,0,7,41.01,-79.14,10.81467838,15825,75.70274869
17241,0,550,40.17,-77.4,10.7840682,17013,5931.237512
17069,0,3,40.46,-76.98,10.76368625,17110,32.29105874
15476,0,8,39.87,-79.92,10.71998317,15401,85.75986536
17265,0,18,40.06,-77.76,10.70133573,17201,192.6240431
15063,0,662,40.19,-79.92,10.68958429,15102,7076.504797
15351,0,52,39.88,-79.92,10.65240095,15401,553.9248495
15863,0,19,41.01,-78.84,10.65231984,15801,202.394077
15053,0,10,40.38,-80.36,10.65102042,15275,106.5102042
16234,0,6,41.13,-79.28,10.63630231,15825,63.81781385
15783,0,2,40.6,-79.35,10.60737437,15701,21.21474874
17529,0,143,40.04,-76.1,10.60605952,17602,1516.666512
15059,0,209,40.63,-80.45,10.60582008,15001,2216.616396
17981,0,147,40.62,-76.39,10.56532432,17901,1553.102675
17921,0,349,40.78,-76.34,10.56532194,17901,3687.297358
17853,0,96,40.69,-77,10.56381031,17870,1014.12579
15684,0,54,40.46,-79.5,10.56273784,15601,570.3878434
19526,0,662,40.55,-75.98,10.56233482,19605,6992.265653
15716,0,20,40.47,-79.19,10.56202121,15701,211.2404242
18252,0,576,40.8,-75.93,10.560541,18201,6082.871615
15943,0,150,40.47,-78.83,10.54135571,15901,1581.203356
18056,0,92,40.45,-75.55,10.53853904,18103,969.5455913
15413,0,15,39.99,-79.87,10.53849594,15401,158.0774391
18618,0,217,41.37,-76.02,10.52057079,18704,2282.963861
16662,0,181,40.31,-78.32,10.51063192,16634,1902.424377
18353,0,582,40.9,-75.36,10.46923689,18360,6093.095871
15776,0,2,41.01,-79.11,10.46885108,15825,20.93770216
16155,0,3,41.07,-80.51,10.45901564,16101,31.37704693
19351,0,3,39.78,-75.89,10.43373573,19348,31.30120718
15717,0,582,40.43,-79.26,10.42399653,15650,6066.765979
15930,0,5,40.29,-78.72,10.40847654,15901,52.04238269
18214,0,139,40.79,-76.08,10.40389537,17901,1446.141457
18091,0,319,40.84,-75.29,10.4034822,18045,3318.710822
17306,0,20,39.98,-77.25,10.40330743,17325,208.0661485
15629,0,50,40.6,-79.56,10.36987412,15068,518.4937061
17976,0,296,40.82,-76.21,10.36369185,17901,3067.652789
17017,0,71,40.65,-76.87,10.36366388,17870,735.8201355
15958,0,35,40.39,-78.73,10.36347332,15901,362.7215663
15329,0,56,40.02,-80.25,10.36278437,15301,580.3159249
16314,0,233,41.51,-80.04,10.36077687,16335,2414.06101
17225,0,809,39.79,-77.72,10.35115217,17201,8374.082106
18079,0,24,40.74,-75.66,10.35025188,18051,248.4060451
17560,0,250,39.9,-76.23,10.34918604,17602,2587.29651
18953,0,10,40.53,-75.19,10.3377463,18015,103.377463
18038,0,163,40.78,-75.51,10.33591501,18109,1684.754146
17257,0,1398,40.04,-77.52,10.25670667,17201,14338.87593
19360,0,5,39.77,-75.88,10.25444215,19348,51.27221075
17522,0,1537,40.18,-76.18,10.2473611,17601,15750.19401
15324,0,56,40.1,-80.07,10.21631144,15301,572.1134407
15673,0,72,40.59,-79.56,10.20864349,15068,735.0223315
15470,0,45,39.87,-79.53,10.19309433,15401,458.6892448
15461,0,144,39.84,-79.9,10.17256363,15401,1464.849162
16745,0,4,41.92,-78.45,10.17236034,16701,40.68944137
15486,0,90,40.03,-79.66,10.17078848,15401,915.3709636
16153,0,60,41.33,-80.1,10.1699785,16137,610.1987102
18080,0,646,40.75,-75.61,10.16144237,18104,6564.291774
17968,0,18,40.64,-76.61,10.16105192,17872,182.8989346
17946,0,9,40.81,-76.26,10.16066139,17901,91.44595247
16689,0,22,40.08,-78.08,10.15673643,16634,223.4482014
15784,0,11,41.02,-79.14,10.15609945,15825,111.717094
16111,0,14,41.53,-80.27,10.14893902,16335,142.0851463
17264,0,93,40.19,-77.98,10.14644019,16634,943.6189381
16726,0,19,41.82,-78.58,10.14563554,16701,192.7670753
15442,0,108,40.01,-79.83,10.13222236,15401,1094.280015
17039,0,2,40.29,-76.24,10.11358558,17042,20.22717116
18420,0,14,41.6,-75.71,10.11280832,18519,141.5793164
17087,0,99,40.44,-76.28,10.10756443,17042,1000.648879
15682,0,3,40.68,-79.64,10.10003818,15068,30.30011453
15613,0,660,40.58,-79.56,10.09211272,15068,6660.794393
15779,0,20,40.39,-79.22,10.09001963,15650,201.8003925
15734,0,11,40.72,-79.01,10.08539778,15701,110.9393756
17534,0,15,40.04,-76.11,10.07575675,17602,151.1363513
16695,0,38,40.22,-78.36,10.07360795,16634,382.7971021
17020,0,640,40.41,-77.04,10.0615751,17110,6439.408067
16136,0,57,40.83,-80.32,10.0487891,16063,572.7809788
18070,0,56,40.43,-75.53,10.01811945,18951,561.0146891
18240,0,277,40.86,-75.82,10.01202891,18201,2773.332009
19352,0,371,39.78,-75.88,9.947563059,19348,3690.545895
17562,0,118,40,-76.12,9.939073601,17602,1172.810685
15340,0,50,40.3,-80.32,9.917073612,15301,495.8536806
18302,0,837,41.11,-75.11,9.896643483,18360,8283.490596
19470,0,18,40.14,-75.8,9.88920988,19372,178.0057778
15688,0,32,40.17,-79.58,9.888356969,15601,316.427423
17032,0,369,40.46,-76.93,9.887603614,17110,3648.525733
18088,0,497,40.75,-75.59,9.886145116,18104,4913.414123
16630,0,227,40.46,-78.58,9.877260146,16602,2242.138053
16327,0,102,41.63,-79.95,9.861279351,16335,1005.850494
17948,0,249,40.85,-76.12,9.853196429,18202,2453.445911
16622,0,8,40.33,-78.07,9.822694605,16634,78.58155684
18419,0,205,41.56,-75.78,9.8174846,18508,2012.584343
17868,0,21,40.96,-76.63,9.809441669,17815,205.9982751
15750,0,17,40.48,-79.18,9.788239409,15701,166.4000699
15475,0,46,39.96,-79.88,9.775401214,15401,449.6684558
17527,0,186,40.01,-75.99,9.773411539,19320,1817.854546
17247,0,2,39.8,-77.58,9.710445108,17201,19.42089022
15641,0,39,40.63,-79.59,9.703233893,15068,378.4261218
19504,0,245,40.38,-75.57,9.70175546,19464,2376.930088
15690,0,587,40.59,-79.57,9.694025287,15068,5690.392843
16140,0,3,41.09,-80.51,9.685452865,16148,29.0563586
17565,0,132,39.9,-76.31,9.67364706,17602,1276.921412
15410,0,41,39.91,-79.9,9.663963857,15401,396.2225181
16623,0,17,40.29,-78.02,9.6619761,16634,164.2535937
16061,0,105,41,-79.89,9.660680203,16001,1014.371421
16051,0,113,40.92,-80.14,9.66054576,16063,1091.641671
17983,0,73,40.64,-76.55,9.660310626,17872,705.2026757
15961,0,33,40.47,-78.91,9.659790631,15901,318.7730908
17304,0,189,39.97,-77.23,9.658953972,17325,1825.542301
17365,0,174,40.05,-76.94,9.654480126,17404,1679.879542
15323,0,175,40.12,-80.41,9.639733473,15301,1686.953358
17952,0,32,40.76,-76.06,9.622720819,17901,307.9270662
16025,0,173,40.94,-79.74,9.599749931,16001,1660.756738
18355,0,61,41.07,-75.33,9.596837149,18360,585.4070661
15437,0,96,39.78,-79.61,9.582575206,15401,919.9272198
19330,0,215,39.87,-75.92,9.578003853,19320,2059.270828
16828,0,240,40.84,-77.68,9.556783395,16801,2293.628015
19523,0,7,40.2,-75.85,9.549056915,19611,66.84339841
18625,0,23,41.51,-75.85,9.544670431,18504,219.5274199
15010,0,1573,40.76,-80.32,9.543199833,16063,15011.45334
17842,0,438,40.78,-77.04,9.540398483,17870,4178.694536
16823,0,1606,40.91,-77.76,9.529148471,16801,15303.81244
18232,0,282,40.83,-75.88,9.527794879,18201,2686.838156
17720,0,5,41.18,-77.2,9.508023963,17701,47.54011981
18218,0,131,40.82,-75.91,9.504964805,18201,1245.150389
18440,0,6,41.56,-75.77,9.496995886,18508,56.98197532
16421,0,136,42.17,-79.93,9.465365401,16509,1287.289695
18930,0,160,40.53,-75.21,9.382800841,18015,1501.248135
15727,0,17,40.56,-79.31,9.379436371,15701,159.4504183
15685,0,11,40.18,-79.49,9.351014726,15601,102.861162
18053,0,110,40.72,-75.71,9.347111856,18051,1028.182304
15420,0,11,39.96,-79.87,9.317260018,15401,102.4898602
17752,0,228,41.17,-76.87,9.310642415,17701,2122.826471
19478,0,2,40.27,-75.46,9.298366334,19403,18.59673267
15067,0,96,40.2,-79.95,9.297014618,15102,892.5134033
17507,0,9,40.2,-76.02,9.297014618,19611,83.67313156
15361,0,8,40.33,-80.26,9.293497332,15275,74.34797866
18407,0,1037,41.57,-75.5,9.293215751,18519,9637.064734
17935,0,103,40.79,-76.28,9.284279416,17901,956.2807799
15658,0,403,40.24,-79.23,9.282612397,15650,3740.892796
18957,0,2,40.29,-75.45,9.277646053,18960,18.55529211
17322,0,339,39.85,-76.56,9.264378124,17402,3140.624184
19344,0,675,40.09,-75.91,9.258754239,19320,6249.659112
15656,0,593,40.63,-79.6,9.250756375,15068,5485.69853
19536,0,41,40.48,-75.76,9.237049723,18051,378.7190386
17949,0,17,40.8,-76.24,9.212749474,17901,156.6167411
18054,0,307,40.33,-75.47,9.21046527,18960,2827.612838
19506,0,341,40.43,-76.11,9.201424555,19605,3137.685773
15019,0,64,40.42,-80.35,9.198839176,15275,588.7257073
17936,0,33,40.75,-76.34,9.192962523,17901,303.3677632
16127,0,481,41.15,-80.08,9.191583245,16137,4421.151541
19346,0,2,39.79,-75.87,9.185048789,19348,18.37009758
16023,0,196,40.78,-79.75,9.183345057,16001,1799.935631
16117,0,961,40.86,-80.28,9.183345057,16063,8825.1946
17888,0,14,40.81,-76.38,9.15212678,17872,128.1297749
18352,0,20,41.01,-75.36,9.126032226,18360,182.5206445
17246,0,12,40.06,-77.68,9.109359804,17201,109.3123176
17323,0,25,40.08,-77.03,9.108980234,17055,227.7245058
16638,0,8,40.34,-78.2,9.10865098,16634,72.86920784
16440,0,42,41.77,-80.11,9.105013217,16335,382.4105551
15089,0,318,40.2,-79.76,9.068809065,15642,2883.881283
15937,0,43,40.21,-78.98,9.06859989,15901,389.9497953
19564,0,2,40.52,-75.87,9.064622276,19605,18.12924455
16229,0,242,40.68,-79.68,9.061267943,15068,2192.826842
17938,0,86,40.66,-76.48,9.059169322,17872,779.0885617
17941,0,23,40.66,-76.62,9.059169322,17872,208.3608944
17846,0,184,41.12,-76.52,9.052021923,17815,1665.572034
16422,0,19,41.67,-80.31,9.039200068,16335,171.7448013
17943,0,8,40.76,-76.38,9.024428485,17872,72.19542788
18041,0,422,40.42,-75.51,8.990760033,18951,3794.100734
17934,0,26,40.8,-76.21,8.985670404,17901,233.6274305
18920,0,27,40.49,-75.08,8.9853305,18902,242.6039235
17090,0,313,40.33,-77.19,8.985155312,17013,2812.353613
16143,0,93,41.09,-80.45,8.980488281,16101,835.1854101
19551,0,288,40.34,-76.14,8.975518836,19610,2584.949425
15823,0,70,41.27,-78.73,8.971061147,15801,627.9742803
15077,0,17,40.62,-80.42,8.9655639,15001,152.4145863
17945,0,13,40.79,-76.38,8.942936893,17872,116.2581796
19310,0,141,39.94,-75.97,8.931795728,19320,1259.383198
16415,0,521,42.03,-80.25,8.923232642,16505,4649.004206
15944,0,101,40.37,-79.07,8.885781375,15901,897.4639189
19547,0,243,40.37,-75.76,8.885781375,19602,2159.244874
16650,0,126,40.12,-78.29,8.882971364,16634,1119.254392
17261,0,12,39.86,-77.51,8.869980803,17201,106.4397696
18035,0,2,40.75,-75.54,8.859664236,18052,17.71932847
18220,0,18,40.84,-76.06,8.85642519,18202,159.4156534
18072,0,376,40.86,-75.25,8.856116459,18360,3329.899789
17512,0,1203,40.03,-76.49,8.854618679,17520,10652.10627
16441,0,478,41.94,-79.98,8.839384985,16509,4225.226023
17569,0,279,40.27,-76.11,8.832857484,19610,2464.367238
17821,0,1006,40.96,-76.61,8.810718394,17815,8863.582704
17867,0,5,40.71,-76.69,8.792741238,17872,43.96370619
15752,0,2,40.54,-79.28,8.78898796,15701,17.57797592
17925,0,14,40.75,-76.07,8.778754097,17901,122.9025574
15443,0,8,39.92,-79.88,8.749883135,15401,69.99906508
18444,0,709,41.33,-75.52,8.735738308,18505,6193.638461
16316,0,267,41.6,-80.3,8.733549916,16335,2331.857828
15455,0,4,40,-79.64,8.69739097,15401,34.78956388
17550,0,33,40.07,-76.58,8.695355683,17402,286.9467376
17244,0,85,40.05,-77.6,8.694048676,17201,738.9941374
17353,0,187,39.88,-77.38,8.690012353,17325,1625.03231
18092,0,136,40.47,-75.52,8.688397288,18103,1181.622031
15066,0,762,40.73,-80.3,8.68692859,15001,6619.439586
15866,0,12,41.02,-78.78,8.682619572,15801,104.1914349
16636,0,29,40.6,-78.5,8.678297269,16602,251.6706208
16056,0,291,40.75,-79.81,8.672292809,16001,2523.637207
16112,0,68,40.96,-80.5,8.620098694,16101,586.1667112
15851,0,458,41.09,-78.88,8.554888615,15801,3918.138986
15311,0,47,40.05,-80.2,8.546278043,15301,401.675068
15350,0,44,40.29,-80.2,8.545521096,15301,376.0029282
15860,0,73,41.28,-79.12,8.539253964,15825,623.3655394
17237,0,117,39.84,-77.54,8.528618095,17201,997.8483171
15765,0,52,40.6,-78.99,8.526201115,15701,443.362458
17547,0,620,40.05,-76.55,8.521719334,17402,5283.465987
17501,0,236,40.16,-76.2,8.515385913,17601,2009.631075
18241,0,30,40.94,-76.16,8.483989585,18202,254.5196875
18084,0,18,40.31,-75.5,8.477660237,19464,152.5978843
18979,0,2,40.3,-75.44,8.472919771,18960,16.94583954
18076,0,188,40.37,-75.48,8.46627628,18951,1591.659941
17253,0,10,40.21,-78.01,8.463739664,16634,84.63739664
15321,0,114,40.32,-80.19,8.450041268,15102,963.3047046
15639,0,95,40.2,-79.61,8.443691288,15601,802.1506724
18086,0,6,40.74,-75.55,8.433916908,18052,50.60350145
18332,0,164,41.09,-75.26,8.42593538,18360,1381.853402
18372,0,149,41.04,-75.33,8.40804848,18360,1252.799223
19544,0,5,40.42,-76.3,8.400120647,17042,42.00060323
18074,0,290,40.32,-75.51,8.397195298,19464,2435.186636
18958,0,3,40.29,-75.43,8.393901348,18960,25.18170404
16132,0,19,41,-80.5,8.393712961,16101,159.4805463
18627,0,2,41.32,-76.02,8.381122446,18704,16.76224489
15963,0,432,40.23,-78.82,8.380037111,15901,3620.176032
19501,0,66,40.24,-76.06,8.379649266,19610,553.0568516
18073,0,604,40.39,-75.49,8.378979422,18951,5060.903571
15026,0,207,40.51,-80.34,8.369161973,15001,1732.416528
17855,0,61,40.88,-76.98,8.367843254,17870,510.4384385
15052,0,144,40.65,-80.4,8.354639169,15001,1203.06804
15953,0,3,40.21,-78.89,8.346835138,15901,25.04050541
15731,0,5,40.5,-79.17,8.346676177,15701,41.73338088
16052,0,103,40.9,-80.04,8.326856926,16001,857.6662634
15849,0,88,41.21,-78.6,8.32341925,15801,732.460894
16142,0,142,41.11,-80.33,8.297217445,16101,1178.204877
18013,0,871,40.86,-75.2,8.297095181,18360,7226.769902
19505,0,187,40.37,-75.63,8.296522685,19464,1551.449742
16657,0,68,40.33,-78.18,8.296485217,16634,564.1609948
16691,0,28,40.09,-78.18,8.296372872,16634,232.2984404
17316,0,441,39.93,-76.97,8.296111072,17331,3658.584983
17810,0,56,41.11,-77.03,8.280929027,17701,463.7320255
15695,0,20,40.2,-79.69,8.279619516,15642,165.5923903
15454,0,4,39.86,-79.87,8.237935976,15401,32.95174391
17516,0,231,39.93,-76.36,8.230282065,17602,1901.195157
17370,0,388,40.11,-76.71,8.229109088,17404,3192.894326
19492,0,51,40.28,-75.49,8.194087029,19464,417.8984385
17502,0,121,40.09,-76.67,8.165518403,17404,988.0277268
17033,0,866,40.28,-76.64,8.160505726,17003,7066.997959
15774,0,107,40.65,-79.3,8.152172041,15701,872.2824084
16613,0,67,40.55,-78.54,8.13877557,16602,545.2979632
18631,0,65,41.03,-76.3,8.108807687,17815,527.0724997
19473,0,1025,40.25,-75.46,8.094356665,19403,8296.715582
19511,0,4,40.49,-75.74,8.083630314,18051,32.33452126
18077,0,123,40.59,-75.19,8.080468762,18045,993.8976577
17368,0,513,40.02,-76.53,8.045634016,17402,4127.41025
17582,0,117,39.98,-76.43,8.043915809,17602,941.1381497
17342,0,12,39.85,-76.71,8.040769189,17402,96.48923027
15431,0,142,39.97,-79.61,8.03748722,15401,1141.323185
18068,0,9,40.48,-75.52,8.033492341,18103,72.30143107
16641,0,168,40.48,-78.55,8.021603439,16602,1347.629378
15954,0,94,40.41,-79.02,8.010500333,15901,752.9870313
15060,0,59,40.37,-80.29,8.008038877,15275,472.4742938
17252,0,162,39.92,-77.8,7.997706523,17201,1295.628457
17922,0,274,40.59,-76.09,7.9944771,17901,2190.486725
17552,0,1083,40.11,-76.5,7.976881298,17520,8638.962446
15365,0,3,40.16,-80.39,7.9699222,15301,23.9097666
18256,0,12,40.94,-76.15,7.968226329,18202,95.61871595
18354,0,62,40.92,-75.32,7.96250694,18360,493.6754303
16870,0,393,40.79,-78.05,7.896329963,16803,3103.257675
18255,0,293,40.94,-75.82,7.878668176,18201,2308.449775
18643,0,894,41.37,-75.84,7.87116539,18704,7036.821859
15728,0,126,40.66,-79.01,7.859343402,15701,990.2772687
17303,0,36,39.93,-77.3,7.838595404,17325,282.1894346
15422,0,13,39.98,-79.81,7.836133304,15401,101.8697329
19067,0,2350,40.2,-74.78,7.831943822,19007,18405.06798
16617,0,147,40.6,-78.33,7.822058924,16602,1149.842662
18660,0,185,41.06,-76.07,7.810648052,18202,1444.96989
18063,0,25,40.78,-75.18,7.802712557,18045,195.0678139
18335,0,14,41.07,-75.1,7.790524476,18360,109.0673427
15378,0,5,40.28,-80.27,7.753670657,15301,38.76835328
16665,0,12,40.39,-78.43,7.75290311,16602,93.03483732
17931,0,279,40.78,-76.23,7.751924724,17901,2162.786998
16844,0,149,40.91,-77.93,7.751469923,16803,1154.969019
17329,0,138,39.76,-76.85,7.731728777,17331,1066.978571
17320,0,525,39.78,-77.36,7.72994084,17325,4058.218941
15435,0,28,39.94,-79.85,7.720095569,15401,216.1626759
17572,0,90,40.01,-76.16,7.708935346,17602,693.8041812
16835,0,20,40.91,-77.88,7.662424134,16803,153.2484827
16156,0,111,41.11,-80.25,7.662161365,16137,850.4999115
15037,0,547,40.27,-79.88,7.639909841,15236,4179.030683
15848,0,22,41.03,-78.74,7.608674702,15801,167.3908434
16157,0,221,40.88,-80.33,7.608558424,16101,1681.491412
15698,0,35,40.21,-79.68,7.608040265,15642,266.2814093
17579,0,282,39.98,-76.18,7.593937724,17602,2141.490438
18942,0,174,40.46,-75.15,7.590948335,18902,1320.82501
17026,0,168,40.45,-76.42,7.58982891,17042,1275.091257
18245,0,8,40.85,-76.03,7.581895488,18201,60.65516391
15824,0,241,41.24,-78.79,7.576521421,15801,1825.941662
18615,0,103,41.46,-75.84,7.558696605,18504,778.5457503
19508,0,1027,40.26,-75.81,7.556526539,19602,7760.552756
19530,0,637,40.52,-75.77,7.539503243,18051,4802.663565
15478,0,278,39.8,-79.8,7.526994371,15401,2092.504435
15020,0,11,40.23,-79.95,7.512339728,15102,82.63573701
15864,0,142,41.1,-79.2,7.506350913,15825,1065.90183
15865,0,94,41.05,-78.81,7.484210859,15801,703.5158207
17311,0,9,39.82,-76.84,7.480470072,17331,67.32423064
15458,0,47,39.88,-79.86,7.472941556,15401,351.2282531
17317,0,19,39.97,-76.52,7.464324021,17402,141.8221564
18940,0,1496,40.22,-74.93,7.437301478,18974,11126.20301
17057,0,1686,40.19,-76.7,7.409924829,17113,12493.13326
17088,0,46,40.3,-76.29,7.39961646,17042,340.3823571
17360,0,353,39.85,-76.76,7.393169955,17408,2609.788994
15951,0,25,40.33,-78.77,7.392695342,15901,184.8173836
18938,0,734,40.36,-74.95,7.389420976,18902,5423.834996
17864,0,71,40.7,-76.91,7.382282914,17870,524.1420869
18039,0,11,40.55,-75.24,7.376109668,18015,81.13720635
17851,0,708,40.79,-76.41,7.375166984,17872,5221.618225
16034,0,72,40.85,-79.75,7.367486519,16001,530.4590293
18634,0,984,41.2,-76,7.314485303,18702,7197.453538
16685,0,14,40.29,-78.08,7.28742487,16634,102.0239482
17568,0,5,39.95,-76.23,7.235673267,17602,36.17836633
15632,0,472,40.41,-79.62,7.225705634,15642,3410.533059
15132,0,1058,40.33,-79.83,7.225435737,15146,7644.511009
15134,0,6,40.33,-79.83,7.225435737,15146,43.35261442
19516,0,7,40.49,-76.01,7.223545728,19605,50.56482009
15674,0,16,40.21,-79.5,7.216385639,15601,115.4621702
15640,0,17,40.22,-79.73,7.216305863,15642,122.6771997
17857,0,536,40.89,-76.79,7.212721716,17870,3866.01884
16729,0,23,41.96,-78.5,7.211861887,16701,165.8728234
19522,0,812,40.45,-75.82,7.207072904,19605,5852.143198
18433,0,434,41.57,-75.58,7.206292276,18519,3127.530848
19425,0,835,40.1,-75.64,7.190724884,19460,6004.255278
17340,0,639,39.74,-77.08,7.18766351,17331,4592.916983
17953,0,30,40.72,-76.08,7.184884834,17901,215.546545
16744,0,8,41.87,-78.57,7.1835792,16701,57.4686336
15952,0,48,40.3,-78.78,7.171388326,15901,344.2266396
18242,0,8,40.91,-76.12,7.165076478,18202,57.32061183
15468,0,87,39.95,-79.83,7.161217211,15401,623.0258974
15038,0,6,40.25,-79.93,7.158744952,15102,42.95246971
18248,0,44,40.9,-76.11,7.091024341,18202,312.005071
15480,0,68,39.99,-79.75,7.080870773,15401,481.4992126
17019,0,1033,40.11,-77.03,7.079977961,17055,7313.617234
17339,0,393,40.13,-76.86,7.07989673,17113,2782.399415
15626,0,306,40.41,-79.57,7.079165171,15601,2166.224542
18602,0,23,41.18,-75.76,7.071371579,18702,162.6415463
16511,0,655,42.17,-79.99,7.052157873,16508,4619.163406
17540,0,463,40.09,-76.18,7.026731684,17601,3253.37677
15928,0,61,40.23,-78.93,6.980182355,15901,425.7911236
19539,0,171,40.49,-75.68,6.979876558,18051,1193.558891
16124,0,54,41.32,-80.25,6.979015654,16137,376.8668453
16154,0,108,41.32,-80.42,6.979015654,16148,753.7336906
16732,0,6,41.86,-78.62,6.978258415,16701,41.86955049
15317,0,2512,40.26,-80.18,6.973673776,15301,17517.86852
15672,0,160,40.22,-79.6,6.972659944,15601,1115.625591
19472,0,9,40.34,-75.58,6.972051426,19464,62.74846284
19347,0,4,39.76,-75.79,6.970438211,19348,27.88175284
15031,0,30,40.35,-80.16,6.970021863,15205,209.1006559
18011,0,309,40.5,-75.6,6.966974178,18051,2152.795021
18065,0,4,40.7,-75.61,6.964736701,18104,27.85894681
17860,0,95,40.87,-76.61,6.961274687,17872,661.3210953
15088,0,31,40.27,-79.9,6.951560188,15236,215.4983658
15421,0,26,39.85,-79.6,6.950738123,15401,180.7191912
16865,0,106,40.72,-77.98,6.934812069,16803,735.0900793
18343,0,133,40.9,-75.11,6.928089752,18360,921.435937
15730,0,5,41.06,-79.09,6.920411194,15825,34.60205597
17889,0,124,40.9,-76.87,6.920255021,17870,858.1116226
17307,0,334,39.93,-77.24,6.919674518,17325,2311.171289
17979,0,3,40.57,-76.2,6.900113972,17901,20.70034192
18062,0,1415,40.51,-75.55,6.900042069,18104,9763.559527
16027,0,17,40.82,-80.02,6.871167983,16063,116.8098557
18653,0,3,41.39,-75.82,6.818247313,18504,20.45474194
17310,0,8,39.88,-77.34,6.790531833,17325,54.32425467
15018,0,41,40.27,-79.8,6.758373421,15642,277.0933103
15934,0,4,40.28,-78.8,6.757639748,15901,27.03055899
15935,0,106,40.24,-78.96,6.748411416,15901,715.3316101
18059,0,86,40.72,-75.53,6.742844798,18052,579.8846526
15713,0,18,40.57,-79.26,6.736309607,15701,121.2535729
15083,0,60,40.26,-79.79,6.71228446,15642,402.7370676
15025,0,889,40.29,-79.88,6.7104584,15236,5965.597518
16426,0,256,41.99,-80.13,6.692661877,16509,1713.321441
15956,0,132,40.36,-78.79,6.664780658,15901,879.7510469
17067,0,659,40.37,-76.3,6.663892418,17042,4391.505104
19350,0,482,39.76,-75.78,6.658763804,19348,3209.524154
18640,0,1359,41.32,-75.78,6.650978748,18704,9038.680118
19435,0,9,40.33,-75.57,6.644323026,19464,59.79890723
18414,0,342,41.53,-75.73,6.608652047,18508,2260.159
16116,0,104,41.02,-80.46,6.605791437,16101,687.0023095
15488,0,7,39.98,-79.76,6.562739749,15401,45.93917824
19562,0,179,40.5,-75.7,6.557241666,18051,1173.746258
15133,0,425,40.33,-79.86,6.484201943,15236,2755.785826
19342,0,825,39.89,-75.5,6.463198965,19382,5332.139146
15660,0,13,40.25,-79.77,6.418425693,15642,83.43953401
19541,0,229,40.47,-76.02,6.412360835,19605,1468.430631
17064,0,53,40.24,-76.47,6.408880565,17003,339.6706699
15829,0,50,41.18,-79.2,6.40775402,15825,320.387701
15074,0,623,40.7,-80.28,6.407126628,15001,3991.639889
17505,0,42,40.05,-76.18,6.400466786,17602,268.819605
19060,0,437,39.84,-75.49,6.382189754,19013,2789.016922
19450,0,19,40.25,-75.4,6.381945254,19446,121.2569598
18612,0,790,41.33,-75.96,6.377379579,18704,5038.129868
15135,0,262,40.31,-79.81,6.375444624,15642,1670.366491
19535,0,8,40.34,-75.8,6.37358558,19602,50.98868464
18946,0,8,40.29,-75.01,6.36626281,18974,50.93010248
19341,0,1227,40.03,-75.63,6.364566081,19355,7809.322581
19421,0,19,40.13,-75.63,6.355262217,19460,120.7499821
17923,0,28,40.66,-76.32,6.342801182,17901,177.5984331
17840,0,15,40.77,-76.43,6.332493656,17872,94.98740485
17508,0,45,40.12,-76.21,6.322788663,17601,284.5254898
17065,0,321,40.11,-77.18,6.299226657,17013,2022.051757
18950,0,14,40.45,-75.07,6.298838838,18902,88.18374373
19555,0,226,40.49,-75.96,6.298776732,19605,1423.523541
16738,0,54,41.87,-78.66,6.296485151,16701,340.0101982
17881,0,81,40.78,-76.67,6.294314378,17872,509.8394646
17744,0,129,41.24,-77.15,6.289141098,17701,811.2992017
17823,0,58,40.75,-76.76,6.27856905,17870,364.1570049
16053,0,223,40.8,-79.98,6.276410881,16001,1399.639626
18351,0,8,40.92,-75.1,6.270071172,18360,50.16056938
16133,0,40,41.27,-80.13,6.247724897,16137,249.9089959
17830,0,74,40.71,-76.85,6.232376539,17870,461.1958639
19545,0,18,40.34,-75.63,6.23218647,19464,112.1793565
19343,0,527,40.09,-75.77,6.232083408,19372,3284.307956
15748,0,254,40.53,-79.15,6.210054038,15701,1577.353726
19039,0,7,39.9,-75.5,6.199676894,19382,43.39773826
17036,0,1268,40.26,-76.71,6.170778475,17109,7824.547107
16629,0,2,40.53,-78.51,6.151402013,16602,12.30280403
17407,0,102,39.88,-76.71,6.125290343,17402,624.779615
15689,0,5,40.23,-79.49,6.119718819,15601,30.59859409
15064,0,34,40.36,-80.15,6.117645056,15205,207.9999319
15057,0,867,40.37,-80.23,6.11748544,15275,5303.859877
15009,0,754,40.69,-80.3,6.113650655,15001,4609.692594
15676,0,28,40.24,-79.47,6.083752035,15601,170.345057
18642,0,294,41.36,-75.77,6.047160582,18504,1777.865211
16727,0,12,41.99,-78.53,6.031650462,16701,72.37980555
19390,0,532,39.82,-75.82,6.011684867,19348,3198.216349
17343,0,7,39.87,-77.33,5.991156976,17325,41.93809883
15143,0,1005,40.57,-80.15,5.940307213,15001,5970.008749
19052,0,6,39.9,-75.45,5.934914945,19013,35.60948967
17554,0,475,40.04,-76.43,5.926152285,17520,2814.922335
18910,0,14,40.42,-75.17,5.912082158,18902,82.76915021
17319,0,695,40.15,-76.79,5.911570998,17113,4108.541844
15363,0,51,40.25,-80.2,5.911366257,15301,301.4796791
15909,0,236,40.41,-78.87,5.909727184,15901,1394.695615
15131,0,459,40.34,-79.8,5.909624675,15146,2712.517726
17964,0,18,40.7,-76.51,5.905929234,17872,106.3067262
18066,0,316,40.65,-75.74,5.901931976,18051,1865.010504
19017,0,5,39.89,-75.46,5.898737344,19013,29.49368672
19331,0,4,39.88,-75.52,5.896496658,19382,23.58598663
17801,0,1111,40.86,-76.78,5.892637664,17870,6546.720445
18224,0,403,41.01,-75.89,5.885983451,18201,2372.051331
18943,0,8,40.26,-74.98,5.87795649,18974,47.02365192
19353,0,3,40.04,-75.62,5.874416602,19355,17.62324981
15942,0,73,40.38,-78.82,5.871190694,15901,428.5969206
15330,0,273,40.18,-80.13,5.86255522,15301,1600.477575
15047,0,32,40.31,-79.8,5.850659515,15642,187.2211045
19565,0,540,40.33,-76.08,5.848957331,19610,3158.436959
18321,0,90,41.03,-75.28,5.834324919,18360,525.0892427
15449,0,28,39.96,-79.78,5.786364765,15401,162.0182134
17356,0,1626,39.89,-76.6,5.786364765,17402,9408.629108
16510,0,1378,42.11,-79.95,5.772283764,16509,7954.207026
17754,0,593,41.24,-76.92,5.77163918,17701,3422.582034
15342,0,335,40.25,-80.21,5.743299143,15301,1924.005213
15670,0,177,40.39,-79.41,5.74252525,15650,1016.426969
18707,0,903,41.16,-75.9,5.737811278,18702,5181.243584
19365,0,467,39.95,-75.91,5.69805291,19320,2660.990709
19438,0,1382,40.27,-75.38,5.677135073,19446,7845.800671
15045,0,261,40.32,-79.88,5.671344467,15236,1480.220906
16039,0,6,40.83,-79.79,5.634225923,16001,33.80535554
15489,0,11,39.97,-79.7,5.620730941,15401,61.82804035
15616,0,5,40.23,-79.56,5.620055679,15601,28.1002784
15663,0,20,40.24,-79.67,5.620035796,15642,112.4007159
17038,0,470,40.41,-76.48,5.619856793,17003,2641.332693
16635,0,634,40.42,-78.42,5.619677691,16602,3562.875656
18036,0,734,40.51,-75.39,5.619498491,18015,4124.711892
15065,0,641,40.64,-79.73,5.619398894,15068,3602.034691
15015,0,50,40.63,-80.08,5.619259409,16066,280.9629704
17347,0,468,40.06,-76.7,5.560622922,17404,2602.371527
17521,0,3,40.16,-76.42,5.557054173,17520,16.67116252
15110,0,174,40.37,-79.85,5.547396094,15217,965.2469203
17824,0,214,40.86,-76.54,5.545117003,17872,1186.655039
16059,0,487,40.71,-79.93,5.545085308,15044,2700.456545
15723,0,4,40.7,-79.16,5.545083196,15701,22.18033278
15090,0,1123,40.63,-80.05,5.545068416,15237,6227.111831
19512,0,1059,40.33,-75.63,5.545005155,19464,5872.160459
15856,0,32,41.08,-78.66,5.521846886,15801,176.6991004
17728,0,243,41.31,-77.03,5.520715542,17701,1341.533877
17235,0,6,39.86,-77.7,5.512178229,17201,33.07306937
17362,0,745,39.88,-76.86,5.511820538,17408,4106.306301
15847,0,14,41.09,-79.03,5.490056704,15825,76.86079385
15668,0,601,40.46,-79.67,5.48905881,15146,3298.924345
15465,0,7,39.94,-79.64,5.473924584,15401,38.31747209
17366,0,331,39.91,-76.58,5.472972106,17402,1811.553767
17010,0,2,40.28,-76.58,5.45529945,17003,10.9105989
17028,0,212,40.39,-76.68,5.454061847,17112,1156.261112
17961,0,321,40.65,-76.1,5.432886415,17901,1743.956539
18251,0,6,41.01,-76.08,5.422568702,18202,32.53541221
19063,0,2031,39.92,-75.42,5.357312253,19070,10880.70119
19518,0,994,40.26,-75.74,5.331174455,19464,5299.187408
15028,0,9,40.31,-79.79,5.326542863,15642,47.93888577
18917,0,144,40.37,-75.2,5.32267885,18960,766.4657543
17576,0,14,40.04,-76.2,5.303030598,17602,74.24242837
15032,0,5,40.64,-79.84,5.301744933,15044,26.50872466
15697,0,232,40.24,-79.58,5.272143932,15601,1223.137392
19525,0,993,40.32,-75.6,5.272026743,19464,5235.122555
18925,0,281,40.29,-75.05,5.271557888,18902,1481.307767
17077,0,13,40.4,-76.54,5.27108888,17003,68.52415544
15076,0,82,40.61,-79.84,5.268624102,15238,432.0271764
17933,0,16,40.6,-76.24,5.267919125,17901,84.286706
17859,0,155,41.07,-76.41,5.263210975,17815,815.7977012
16159,0,149,41.15,-80.48,5.261441813,16148,783.9548302
18471,0,21,41.52,-75.7,5.257897852,18508,110.4158549
18980,0,15,40.27,-75.01,5.215618656,18974,78.23427985
18078,0,325,40.67,-75.61,5.204465022,18104,1691.451132
17078,0,1472,40.3,-76.59,5.184625511,17003,7631.768753
18641,0,435,41.34,-75.72,5.183984747,18505,2255.033365
18081,0,18,40.56,-75.28,5.16790754,18015,93.02233573
17832,0,26,40.81,-76.46,5.153699817,17872,133.9961952
18403,0,486,41.5,-75.53,5.108776344,18519,2482.865303
15436,0,109,39.82,-79.75,5.086073937,15401,554.3820591
19054,0,889,40.17,-74.82,5.084260986,19007,4519.908017
15332,0,420,40.25,-80,5.083288192,15102,2134.981041
15082,0,17,40.38,-80.21,5.082444243,15275,86.40155214
17350,0,930,39.86,-77.05,5.075625684,17331,4720.331886
17007,0,297,40.15,-77.13,5.062264859,17013,1503.492663
15624,0,15,40.36,-79.47,5.055955355,15601,75.83933033
15623,0,48,40.37,-79.62,5.055560548,15642,242.6669063
16674,0,32,40.17,-78.09,5.053312379,16634,161.7059961
17930,0,28,40.71,-76.12,5.027298579,17901,140.7643602
17827,0,59,40.76,-76.94,5.02259389,17870,296.3330395
18708,0,554,41.31,-75.95,5.018210948,18704,2780.088865
17222,0,602,39.91,-77.56,4.976219431,17201,2995.684098
18963,0,13,40.38,-75,4.946046996,18902,64.29861095
19317,0,506,39.86,-75.59,4.94504356,19382,2502.192041
17313,0,774,39.89,-76.64,4.944968428,17402,3827.405563
19316,0,12,40.05,-75.83,4.944742938,19320,59.33691526
19047,0,1723,40.17,-74.91,4.944442071,19020,8519.273689
19430,0,6,40.22,-75.4,4.944316639,19403,29.66589983
19474,0,63,40.22,-75.4,4.944316639,19403,311.4919483
15061,0,787,40.68,-80.27,4.943160772,15001,3890.267528
18247,0,4,41.03,-75.98,4.942279147,18202,19.76911659
16046,0,869,40.69,-80.01,4.92375105,16066,4278.739662
17345,0,531,40.06,-76.72,4.91622265,17404,2610.514227
18034,0,424,40.53,-75.42,4.905441855,18015,2079.907346
18320,0,19,41,-75.28,4.904040151,18360,93.17676286
17959,0,68,40.73,-76.15,4.902584554,17901,333.3757496
17836,0,5,40.72,-76.6,4.901563148,17872,24.50781574
16563,0,4,42.12,-79.99,4.874015615,16509,19.49606246
19073,0,1093,39.97,-75.43,4.858621636,19333,5310.473448
17016,0,30,40.27,-76.41,4.858617308,17042,145.7585192
18947,0,319,40.43,-75.1,4.858616011,18902,1549.898508
16648,0,940,40.43,-78.39,4.858615003,16602,4567.098103
16433,0,259,41.71,-80.13,4.858597674,16335,1258.376797
16105,0,765,41.06,-80.34,4.830419961,16101,3695.27127
15042,0,458,40.68,-80.25,4.830100756,15001,2212.186146
19030,0,598,40.17,-74.85,4.829673434,19007,2888.144714
17301,0,278,39.88,-76.98,4.829431048,17331,1342.581831
15055,0,62,40.31,-80.12,4.803313497,15102,297.8054368
19319,0,23,39.93,-75.52,4.780388012,19382,109.9489243
15034,0,127,40.35,-79.89,4.751044142,15236,603.382606
18968,0,2,40.43,-75.43,4.745425711,18951,9.490851421
15456,0,128,39.92,-79.64,4.72790672,15401,605.1720602
19373,0,134,39.9,-75.53,4.727352617,19382,633.4652507
17833,0,13,40.8,-76.95,4.719319746,17870,61.3511567
19548,0,6,40.28,-75.72,4.707895668,19464,28.24737401
17015,0,1334,40.15,-77.26,4.688824417,17013,6254.891772
16633,0,8,40.16,-78.23,4.688513114,16634,37.50810491
15671,0,38,40.36,-79.32,4.683838811,15650,177.9858748
16102,0,236,40.96,-80.42,4.668051731,16101,1101.660209
18249,0,241,40.99,-76.08,4.668051731,18202,1125.000467
18507,0,312,41.35,-75.72,4.651192239,18505,1451.171978
17545,0,997,40.16,-76.39,4.650264343,17520,4636.31355
19465,0,1126,40.19,-75.68,4.649048458,19464,5234.828564
15732,0,59,40.68,-79.19,4.643225818,15701,273.9503233
18040,0,818,40.75,-75.23,4.6422759,18045,3797.381686
16672,0,12,40.17,-78.24,4.619106168,16634,55.42927402
18976,0,1043,40.25,-75.14,4.617372252,18974,4815.919259
19510,0,447,40.44,-75.87,4.609121514,19605,2060.277317
15225,0,108,40.51,-80.11,4.604333782,15237,497.2680485
18087,0,50,40.55,-75.59,4.602590803,18051,230.1295401
15627,0,401,40.33,-79.3,4.444667257,15650,1782.31157
18971,0,8,40.34,-75.38,4.442891291,18960,35.54313033
15112,0,193,40.4,-79.84,4.439336279,15146,856.7919018
19375,0,33,39.9,-75.74,4.436131872,19348,146.3923518
17584,0,475,39.98,-76.27,4.435059219,17602,2106.653129
16679,0,36,40.15,-78.2,4.433755082,16634,159.615183
18914,0,1405,40.28,-75.2,4.433217575,18936,6228.670693
15693,0,14,40.25,-79.41,4.432987125,15650,62.06181974
15336,0,8,40.26,-80,4.432910296,15102,35.46328237
17085,0,9,40.28,-76.39,4.432756621,17042,39.89480959
16601,0,2559,40.56,-78.37,4.431064646,16602,11339.09443
16868,0,59,40.73,-77.88,4.429292801,16801,261.3282752
17543,0,2093,40.15,-76.3,4.349013416,17520,9102.48508
15906,0,598,40.38,-78.96,4.343681005,15901,2597.521241
15075,0,15,40.59,-79.83,4.338800175,15238,65.08200263
16033,0,378,40.76,-80.05,4.334840722,16066,1638.569793
18221,0,4,41,-75.92,4.329238499,18201,17.316954
17702,0,665,41.18,-77.08,4.323856354,17701,2875.364475
15122,0,1145,40.36,-79.9,4.278835908,15236,4899.267115
18923,0,60,40.35,-75.17,4.278835908,18902,256.7301545
19423,0,2,40.21,-75.36,4.272918396,19403,8.545836792
15367,0,396,40.26,-80.05,4.272571308,15102,1691.938238
15637,0,128,40.26,-79.71,4.272571308,15642,546.8891274
17083,0,9,40.28,-76.44,4.272508174,17042,38.45257356
18949,0,7,40.42,-75.11,4.272255551,18902,29.90578886
15142,0,106,40.38,-80.12,4.272192375,15205,452.8523917
15239,0,1275,40.48,-79.74,4.272065997,15146,5446.884146
15108,0,2278,40.51,-80.16,4.271971192,15275,9731.550376
18049,0,1171,40.53,-75.49,4.271718289,18103,5002.182117
15046,0,150,40.55,-80.23,4.271655043,15001,640.7482565
16160,0,53,40.93,-80.36,4.270451878,16101,226.3339496
16113,0,9,41.28,-80.42,4.269531852,16148,38.42578667
16725,0,11,41.9,-78.66,4.267368933,16701,46.94105826
17834,0,273,40.79,-76.47,4.252255709,17872,1160.865809
19369,0,27,39.98,-75.89,4.246140653,19320,114.6457976
19426,0,2189,40.18,-75.45,4.24427451,19403,9290.716903
18966,0,2017,40.18,-75,4.242855434,18974,8557.839409
18216,0,82,40.94,-75.89,4.242306694,18201,347.8691489
15017,0,1032,40.35,-80.1,4.236223352,15102,4371.782499
17254,0,6,39.97,-77.59,4.2150519,17201,25.2903114
18956,0,8,40.25,-75.01,4.205300907,18974,33.64240726
18356,0,21,41.01,-75.12,4.204744337,18360,88.29963107
17944,0,5,40.67,-76.28,4.203124215,17901,21.01562108
15905,0,1100,40.29,-78.97,4.202507648,15901,4622.758413
18927,0,17,40.32,-75.24,4.201459351,18960,71.42480896
15235,0,2305,40.46,-79.82,4.197961786,15146,9676.301917
18518,0,648,41.37,-75.73,4.185980025,18505,2712.515056
19380,0,3370,39.99,-75.6,4.173502417,19382,14064.70315
19006,0,977,40.15,-75.03,4.173458657,19115,4077.469108
15959,0,2,40.27,-78.92,4.17340938,15901,8.346818759
18046,0,8,40.55,-75.56,4.17333263,18104,33.38666104
15091,0,2,40.57,-79.95,4.173327143,15044,8.346654287
15101,0,1384,40.57,-79.95,4.173327143,15044,5775.884766
15739,0,26,40.68,-79.16,4.173313425,15701,108.506149
18083,0,26,40.75,-75.26,4.173294213,18045,108.5056495
18014,0,632,40.72,-75.39,4.140118733,18017,2616.555039
15754,0,32,40.56,-79.15,4.140046809,15701,132.4814979
15071,0,716,40.39,-80.18,4.139924633,15275,2964.186037
16506,0,1417,42.06,-80.15,4.139916459,16508,5866.261622
19056,0,742,40.15,-74.89,4.048359312,19007,3003.88261
15137,0,632,40.37,-79.8,4.044104941,15146,2555.874322
15056,0,73,40.56,-80.21,4.041104356,15001,295.000618
17876,0,123,40.85,-76.82,4.037306364,17870,496.5886828
19311,0,356,39.82,-75.78,3.970928764,19348,1413.65064
19367,0,2,39.96,-75.88,3.963843441,19320,7.927686882
15634,0,53,40.33,-79.61,3.94604681,15601,209.1404809
15904,0,583,40.31,-78.84,3.94604681,15901,2300.54529
18651,0,674,41.24,-75.95,3.898187171,18704,2627.378153
17403,0,2268,39.92,-76.71,3.829767984,17402,8685.913788
17551,0,549,40,-76.35,3.827650391,17602,2101.380065
19053,0,1343,40.14,-74.98,3.825000236,19020,5136.975317
19457,0,11,40.21,-75.59,3.822081035,19464,42.04289138
18933,0,5,40.4,-75.04,3.818093557,18902,19.09046779
15035,0,163,40.38,-79.81,3.817561309,15146,622.2624934
17364,0,224,39.92,-76.87,3.799873541,17408,851.1716731
19008,0,1043,39.96,-75.35,3.799844734,19070,3963.238057
18932,0,34,40.29,-75.25,3.796810365,19446,129.0915524
15617,0,23,40.27,-79.66,3.796534087,15642,87.320284
17537,0,11,40.01,-76.24,3.796388016,17602,41.76026818
18901,0,1982,40.31,-75.12,3.796165607,18902,7524.000234
15636,0,144,40.37,-79.66,3.796073468,15642,546.6345794
17972,0,666,40.62,-76.17,3.793305753,17901,2526.341632
18231,0,36,40.9,-76,3.790716546,18201,136.4657956
19061,0,1142,39.83,-75.44,3.786596097,19013,4324.292743
19608,0,1225,40.31,-76.03,3.784732162,19610,4636.296899
15104,0,458,40.4,-79.86,3.781224252,15217,1731.800707
16024,0,29,40.74,-80.04,3.769102447,16066,109.303971
16123,0,88,40.81,-80.2,3.766356957,16063,331.4394122
18954,0,494,40.22,-75,3.766351293,18974,1860.577539
15644,0,1088,40.33,-79.62,3.760461627,15642,4091.38225
17315,0,1683,40,-76.84,3.714289694,17404,6251.149555
19442,0,34,40.13,-75.58,3.707236479,19460,126.0460403
16678,0,179,40.21,-78.24,3.702886509,16634,662.816685
18434,0,346,41.46,-75.55,3.698655171,18519,1279.734689
15126,0,502,40.45,-80.25,3.689793125,15275,1852.276149
15840,0,127,41.14,-78.8,3.651788158,15801,463.7770961
17371,0,32,39.9,-76.79,3.609527482,17408,115.5048794
17406,0,1438,40.01,-76.64,3.609288697,17402,5190.157147
19468,0,1945,40.18,-75.53,3.608611563,19460,7018.74949
17027,0,7,40.16,-76.98,3.608491981,17055,25.25944387
15347,0,49,40.22,-80.22,3.608452115,15301,176.8141536
15638,0,17,40.26,-79.4,3.608093189,15650,61.3375842
15633,0,12,40.36,-79.52,3.607893686,15601,43.29472423
18964,0,797,40.31,-75.32,3.607893686,18960,2875.491268
18085,0,52,40.74,-75.25,3.606375212,18045,187.531511
18237,0,240,40.9,-75.99,3.605534411,18201,865.3282586
15625,0,10,40.27,-79.68,3.490082386,15642,34.90082386
15014,0,208,40.61,-79.74,3.489911816,15068,725.9016577
15027,0,144,40.66,-80.24,3.489882379,15001,502.5430625
17970,0,219,40.72,-76.19,3.489847044,17901,764.2765025
17820,0,279,40.95,-76.46,3.489681996,17815,973.6212768
18222,0,506,41.01,-75.99,3.489676097,18202,1765.776105
17401,0,1045,39.96,-76.73,3.481894374,17404,3638.579621
17405,0,10,39.96,-76.73,3.481894374,17404,34.81894374
19124,0,1303,40.02,-75.09,3.480784473,19152,4535.462168
19481,0,21,40.09,-75.47,3.479488607,19460,73.06926075
19484,0,5,40.09,-75.47,3.479488607,19460,17.39744304
19014,0,1139,39.86,-75.43,3.476217467,19013,3959.411695
19540,0,706,40.28,-75.98,3.475965987,19611,2454.031987
15635,0,35,40.35,-79.5,3.475409085,15601,121.639318
15615,0,12,40.36,-79.73,3.475223409,15642,41.70268091
17018,0,326,40.36,-76.93,3.475223409,17110,1132.922831
15147,0,1168,40.5,-79.84,3.471877675,15238,4055.153125
19538,0,15,40.55,-75.7,3.470947114,18051,52.06420671
18064,0,1414,40.73,-75.31,3.468338817,18045,4904.231087
19009,0,31,40.14,-75.06,3.464315153,19001,107.3937697
18706,0,1149,41.2,-75.91,3.458803972,18702,3974.165764
18644,0,456,41.3,-75.84,3.45767888,18704,1576.701569
15662,0,15,40.33,-79.48,3.456203302,15601,51.84304953
18931,0,18,40.34,-75.03,3.454919888,18902,62.18855798
18067,0,1210,40.68,-75.48,3.450077963,18052,4174.594335
19055,0,679,40.15,-74.85,3.449760763,19007,2342.387558
19058,0,20,40.15,-74.85,3.449760763,19007,68.99521526
16827,0,364,40.77,-77.79,3.436447006,16801,1250.86671
15148,0,173,40.39,-79.81,3.352640353,15146,580.0067811
18230,0,3,40.92,-75.92,3.336422453,18201,10.00926736
18219,0,71,40.99,-76.05,3.335193362,18202,236.7987287
17202,0,1425,39.92,-77.71,3.260977215,17201,4646.892532
19137,0,242,39.99,-75.07,3.258257948,19125,788.4984235
17538,0,379,40.09,-76.41,3.253264012,17520,1232.98706
19075,0,506,40.11,-75.18,3.252354827,19001,1645.691542
17072,0,22,40.23,-77.08,3.246891999,17050,71.43162398
19606,0,2272,40.34,-75.86,3.24232955,19602,7366.572737
15221,0,2011,40.44,-79.86,3.237757943,15217,6511.131223
16121,0,207,41.21,-80.5,3.201787009,16148,662.7699108
15484,0,6,39.89,-79.78,3.188779565,15401,19.13267739
19029,0,227,39.87,-75.29,3.187162143,19070,723.4858065
19395,0,13,39.93,-75.55,3.186925416,19382,41.43003041
19475,0,940,40.17,-75.54,3.184252595,19460,2993.197439
19490,0,12,40.19,-75.35,3.184028476,19403,38.20834171
19335,0,3337,40,-75.7,3.183676902,19372,10623.92982
19144,0,1605,40.03,-75.17,3.182283221,19127,5107.564569
18912,0,30,40.32,-75.06,3.182121724,18902,95.46365171
15202,0,1527,40.51,-80.07,3.179987012,15237,4855.840167
16002,0,643,40.82,-79.86,3.176496038,16001,2042.486952
19443,0,6,40.24,-75.34,3.172502936,19446,19.03501762
15145,0,442,40.42,-79.82,3.164085758,15146,1398.525905
15049,0,68,40.56,-79.81,3.157517372,15068,214.7111813
15006,0,21,40.63,-79.88,3.154226074,15044,66.23874756
19086,0,668,39.89,-75.37,2.99387128,19070,1999.906015
17318,0,40,40.02,-76.72,2.99010959,17404,119.6043836
19354,0,9,40.02,-75.71,2.99010959,19372,26.91098631
19401,0,1973,40.12,-75.33,2.986683466,19462,5892.726479
19404,0,10,40.12,-75.33,2.986683466,19462,29.86683466
15675,0,86,40.34,-79.64,2.979124624,15642,256.2047177
15024,0,512,40.54,-79.8,2.971536579,15068,1521.426728
17954,0,385,40.69,-76.25,2.967039098,17901,1142.310053
16851,0,85,40.81,-77.8,2.962878636,16801,251.844684
19407,0,12,40.12,-75.42,2.961649815,19403,35.53979778
19437,0,51,40.18,-75.26,2.960990991,19002,151.0105405
15129,0,579,40.29,-79.99,2.957912934,15102,1712.631589
15678,0,40,40.29,-79.73,2.957912934,15642,118.3165174
15945,0,5,40.36,-78.87,2.957032422,15901,14.78516211
19118,0,485,40.07,-75.21,2.956501713,19127,1433.903331
18969,0,987,40.32,-75.32,2.955017407,18960,2916.602181
19533,0,404,40.44,-75.96,2.954607355,19605,1193.661371
18955,0,121,40.47,-75.32,2.954453521,18951,357.4888761
17974,0,15,40.7,-76.24,2.949529142,17901,44.24293712
18512,0,969,41.43,-75.6,2.949306829,18519,2857.878317
16161,0,61,41.2,-80.49,2.948599471,16148,179.8645677
16150,0,366,41.25,-80.48,2.937321323,16148,1075.059604
18411,0,1249,41.48,-75.7,2.932191211,18508,3662.306822
18929,0,419,40.25,-75.08,2.810067618,18974,1177.418332
17046,0,1858,40.38,-76.43,2.809938362,17042,5220.865478
15085,0,460,40.38,-79.75,2.809898571,15146,1292.553342
15116,0,709,40.52,-79.95,2.809799048,15201,1992.147525
15084,0,621,40.6,-79.76,2.809719387,15068,1744.835739
18106,0,358,40.57,-75.56,2.809709427,18104,1005.875975
17929,0,100,40.63,-76.19,2.809649653,17901,280.9649653
18037,0,464,40.67,-75.49,2.809649653,18052,1303.677439
15086,0,25,40.67,-80.11,2.809609792,16066,70.24024479
18254,0,38,40.91,-75.96,2.809370436,18201,106.7560765
18234,0,22,40.99,-75.96,2.809330512,18201,61.80527126
16507,0,602,42.14,-80.08,2.808179309,16508,1690.523944
18031,0,538,40.55,-75.66,2.760021619,18051,1484.891631
19031,0,301,40.11,-75.22,2.759811,19002,830.7031111
19057,0,910,40.14,-74.85,2.75980622,19007,2511.42366
19120,0,1070,40.03,-75.12,2.759772767,19027,2952.956861
19135,0,829,40.02,-75.05,2.759767989,19152,2287.847663
19078,0,734,39.87,-75.32,2.759696359,19070,2025.617128
19456,0,21,40.14,-75.46,2.736247451,19460,57.46119647
15241,0,998,40.33,-80.08,2.72910394,15102,2723.645732
18069,0,393,40.62,-75.6,2.71814886,18104,1068.232502
18042,0,2107,40.68,-75.22,2.715495183,18045,5721.548351
18043,0,9,40.68,-75.22,2.715495183,18045,24.43945665
18044,0,17,40.68,-75.22,2.715495183,18045,46.16341811
16146,0,665,41.23,-80.49,2.694902519,16148,1792.110175
18517,0,313,41.39,-75.71,2.688375383,18505,841.4614949
19145,0,1822,39.91,-75.2,2.65654392,19148,4840.223022
19150,0,632,40.07,-75.17,2.650353029,19027,1675.023114
15106,0,1318,40.4,-80.08,2.637518808,15216,3476.249789
18935,0,31,40.43,-75.39,2.636347696,18951,81.72677857
19074,0,327,39.88,-75.29,2.612599079,19070,854.3198988
19153,0,216,39.89,-75.23,2.61246052,19023,564.2914724
19141,0,705,40.04,-75.15,2.610380187,19027,1840.318032
19116,0,787,40.12,-75.01,2.609685933,19115,2053.82283
18916,0,2,40.33,-75.12,2.606347953,18902,5.212695907
18928,0,11,40.33,-75.12,2.606347953,18902,28.66982749
18913,0,17,40.39,-75.06,2.605930065,18902,44.3008111
17965,0,136,40.7,-76.17,2.601603689,17901,353.8181017
17831,0,4,40.83,-76.83,2.59978502,17870,10.39914008
18223,0,8,40.98,-75.94,2.597683398,18201,20.78146718
16503,0,689,42.13,-80.06,2.581463802,16508,1778.62856
19022,0,217,39.86,-75.33,2.535440476,19013,550.1905832
19132,0,790,40,-75.17,2.531829465,19125,2000.145277
19119,0,1273,40.05,-75.19,2.53053778,19127,3221.374594
19025,0,420,40.14,-75.16,2.528210054,19001,1061.848223
16694,0,5,40.19,-78.13,2.526397215,16634,12.63198607
17034,0,236,40.21,-76.79,2.525878878,17113,596.1074153
15243,0,690,40.38,-80.07,2.521466178,15216,1739.811663
18970,0,50,40.41,-75.38,2.5206862,18951,126.03431
15204,0,511,40.46,-80.06,2.519905843,15205,1287.671886
15139,0,436,40.52,-79.84,2.517823045,15238,1097.770848
16029,0,38,40.88,-79.85,2.50894138,16001,95.33977244
19015,0,880,39.87,-75.39,2.326986714,19013,2047.748309
19094,0,297,39.87,-75.35,2.326986714,19013,691.1150542
19083,0,2061,39.97,-75.31,2.326110637,19003,4794.114024
19140,0,1089,40.01,-75.15,2.326043203,19125,2533.061048
19154,0,1098,40.1,-74.98,2.32543601,19114,2553.328739
19428,0,1655,40.07,-75.3,2.32543601,19462,3848.596597
19477,0,13,40.18,-75.24,2.324895863,19002,30.22364622
18915,0,103,40.27,-75.26,2.324287728,19446,239.401636
15120,0,1224,40.4,-79.9,2.323205392,15217,2843.6034
15214,0,997,40.49,-80.01,2.322799122,15212,2315.830725
15051,0,45,40.57,-79.86,2.3222571,15238,104.5015695
18239,0,4,40.99,-75.98,2.319405455,18202,9.27762182
19374,0,38,39.83,-75.75,2.236617855,19348,84.9914785
19085,0,279,40.03,-75.35,2.231038102,19010,622.4596305
19138,0,808,40.06,-75.16,2.22986077,19027,1801.727502
19021,0,567,40.09,-74.89,2.228977167,19007,1263.830054
19405,0,441,40.1,-75.34,2.228977167,19406,982.9789307
19422,0,1245,40.14,-75.26,2.227503348,19002,2773.241668
15611,0,28,40.31,-79.65,2.222481651,15642,62.22948623
15619,0,31,40.32,-79.5,2.222481651,15601,68.89693119
15620,0,64,40.32,-79.34,2.222481651,15650,142.2388257
17053,0,370,40.33,-76.93,2.222185743,17110,822.2087247
18055,0,802,40.58,-75.33,2.214472114,18015,1776.006635
17951,0,13,40.68,-76.24,2.21179306,17901,28.75330978
18705,0,862,41.27,-75.84,2.194117199,18704,1891.329025
16504,0,876,42.11,-80.05,2.168616843,16508,1899.708354
19032,0,244,39.89,-75.28,2.136892495,19018,521.4017687
19366,0,2,39.9,-75.62,2.136876754,19382,4.273753507
19454,0,1548,40.21,-75.27,2.136388232,19446,3307.128984
19486,0,3,40.21,-75.29,2.136388232,19446,6.409164697
19440,0,1004,40.27,-75.29,2.136340901,19446,2144.886264
15696,0,12,40.28,-79.37,2.136277777,15650,25.63533332
19604,0,862,40.36,-75.91,2.136198848,19602,1841.403407
15227,0,1804,40.38,-79.97,2.136167269,15236,3853.645754
15228,0,984,40.37,-80.04,2.136135686,15216,2101.957515
15234,0,1025,40.37,-80.02,2.136135686,15216,2189.539078
15207,0,772,40.4,-79.93,2.136088304,15217,1649.060171
15223,0,609,40.51,-79.95,2.135961906,15201,1300.8008
15081,0,32,40.58,-80.24,2.135803816,15001,68.34572211
18018,0,2268,40.62,-75.36,2.135788001,18015,4843.967187
17344,0,312,39.81,-77.02,2.128322142,17331,664.0365083
15233,0,209,40.46,-80.03,2.108140697,15212,440.6014056
19143,0,2149,39.94,-75.23,2.107526024,19104,4529.073425
19129,0,573,40.01,-75.19,2.106656858,19131,1207.11438
17504,0,4,40.02,-76.33,2.106135053,17602,8.424540213
19035,0,208,40.04,-75.28,2.106135053,19010,438.0760911
19136,0,891,40.04,-75.02,2.105787056,19152,1876.256267
19444,0,663,40.08,-75.25,2.105090758,19462,1395.675172
19038,0,2069,40.1,-75.15,2.104742456,19001,4354.712142
19034,0,326,40.13,-75.19,2.104219815,19002,685.9756596
17111,0,1940,40.27,-76.79,2.101777823,17109,4077.448976
15647,0,22,40.34,-79.72,2.100904491,15642,46.21989881
15665,0,79,40.34,-79.66,2.100904491,15642,165.9714548
18962,0,30,40.34,-75.27,2.100554984,18960,63.01664951
19601,0,1332,40.36,-75.94,2.100554984,19610,2797.939238
15211,0,991,40.43,-80.02,2.098980968,15222,2080.090139
15209,0,847,40.5,-79.97,2.098105646,15201,1777.095482
15030,0,81,40.58,-79.78,2.096703846,15068,169.8330115
15003,0,980,40.59,-80.22,2.096177765,15001,2054.254209
15005,0,592,40.63,-80.22,2.095826921,15001,1240.729537
18327,0,39,40.98,-75.15,2.091799179,18360,81.58016797
18447,0,787,41.45,-75.59,2.081004402,18519,1637.750465
18016,0,12,40.63,-75.39,2.070043181,18017,24.84051817
15229,0,1050,40.52,-80.04,2.070003634,15237,2173.503816
15215,0,869,40.5,-79.91,2.069985666,15206,1798.817544
15136,0,1446,40.47,-80.1,2.069974888,15205,2993.183689
19607,0,1590,40.29,-75.94,2.069921027,19611,3291.174433
17093,0,8,40.31,-76.93,2.069917438,17025,16.5593395
15472,0,8,39.92,-79.72,2.069777639,15401,16.55822111
19036,0,633,39.89,-75.29,2.069777639,19018,1310.169246
15416,0,20,39.86,-79.72,2.0697669,15401,41.395338
16546,0,3,42.1,-80.05,2.056015787,16508,6.16804736
15445,0,121,39.87,-79.7,1.741871272,15401,210.7664239
19064,0,1254,39.93,-75.34,1.741501782,19070,2183.843235
19121,0,1145,39.98,-75.18,1.741039676,19104,1993.490429
19149,0,769,40.04,-75.07,1.740299741,19152,1338.290501
19095,0,341,40.09,-75.14,1.740022088,19027,593.3475321
19436,0,22,40.2,-75.25,1.738817811,18936,38.25399184
17103,0,775,40.27,-76.88,1.738354149,17104,1347.224465
17105,0,15,40.27,-76.88,1.738354149,17104,26.07531223
17106,0,13,40.27,-76.88,1.738354149,17104,22.59860393
17108,0,3,40.27,-76.88,1.738354149,17104,5.215062446
17120,0,8,40.27,-76.88,1.738354149,17104,13.90683319
18934,0,19,40.34,-75.07,1.737518891,18902,33.01285894
18911,0,11,40.38,-75.28,1.737333163,18960,19.11066479
15220,0,1046,40.42,-80.05,1.736961581,15216,1816.861814
19072,0,650,40.02,-75.26,1.734392938,19127,1127.35541
17603,0,4184,40.03,-76.33,1.734180238,17602,7255.810117
16037,0,314,40.8,-80.12,1.733423323,16063,544.2949234
18301,0,1210,41,-75.17,1.731555216,18360,2095.181811
19040,0,1494,40.17,-75.1,1.731198286,19044,2586.410239
16621,0,49,40.2,-78.14,1.730558289,16634,84.79735618
17101,0,265,40.26,-76.89,1.729490841,17104,458.315073
19609,0,676,40.33,-76,1.72778088,19610,1167.979875
18509,0,997,41.43,-75.64,1.727337674,18508,1722.155661
15218,0,1138,40.42,-79.89,1.725854171,15217,1964.022047
15144,0,328,40.55,-79.78,1.723065553,15068,565.1655015
16045,0,97,40.85,-79.92,1.716605174,16001,166.5107019
18452,0,325,41.48,-75.59,1.703143873,18519,553.5217588
19142,0,580,39.92,-75.23,1.593694572,19023,924.342852
19139,0,1220,39.96,-75.23,1.592766913,19104,1943.175634
17043,0,579,40.24,-76.89,1.586251491,17011,918.4396131
19033,0,466,39.89,-75.33,1.478634065,19070,689.0434743
19076,0,367,39.89,-75.31,1.478634065,19070,542.6587018
19026,0,1572,39.94,-75.3,1.478557463,19018,2324.292331
19381,0,11,39.95,-75.6,1.478531924,19382,16.26385117
19383,0,3,39.95,-75.6,1.478531924,19382,4.435595773
19376,0,3,39.96,-75.82,1.478455297,19320,4.43536589
19041,0,279,40,-75.32,1.478353098,19010,412.4605143
19090,0,1306,40.14,-75.11,1.478046303,19001,1930.328472
17070,0,1392,40.23,-76.87,1.477764818,17104,2057.048627
15691,0,3,40.3,-79.68,1.477585565,15642,4.432756695
15210,0,1642,40.41,-79.98,1.477303687,15203,2425.732654
15208,0,486,40.45,-79.9,1.477201127,15206,717.9197478
15007,0,25,40.65,-79.93,1.476739229,15044,36.91848073
18709,0,270,41.28,-75.89,1.475117917,18704,398.2818376
18410,0,16,41.47,-75.67,1.474627603,18508,23.59404165
16501,0,92,42.12,-80.08,1.472945901,16508,135.5110229
16512,0,14,42.12,-80.08,1.472945901,16508,20.62124261
16514,0,14,42.12,-80.08,1.472945901,16508,20.62124261
18102,0,1789,40.61,-75.48,1.380022794,18052,2468.860778
19046,0,1202,40.09,-75.12,1.379893551,19027,1658.632048
19128,0,2262,40.05,-75.23,1.379883995,19127,3121.297596
19004,0,668,40.01,-75.22,1.379874441,19131,921.7561263
19358,0,5,39.96,-75.81,1.379867277,19320,6.899336383
19082,0,853,39.96,-75.27,1.379862501,19050,1177.022714
19079,0,261,39.9,-75.26,1.379852953,19023,360.1416207
19081,0,497,39.9,-75.34,1.267011451,19070,629.704691
19146,0,2099,39.94,-75.18,1.266495549,19107,2658.374157
19130,0,1557,39.97,-75.18,1.266237469,19104,1971.531739
19134,0,1426,39.99,-75.11,1.265979303,19125,1805.286487
19066,0,234,40,-75.24,1.265850188,19131,296.2089441
19312,0,585,40.03,-75.44,1.265333515,19333,740.220106
19126,0,412,40.06,-75.14,1.264945784,19027,521.1576632
17102,0,795,40.27,-76.91,1.262226305,17025,1003.469912
15661,0,33,40.32,-79.36,1.261707248,15650,41.63633918
15140,0,214,40.41,-79.78,1.260408128,15146,269.7273393
15127,0,3,40.56,-80.02,1.258585827,15237,3.77575748
18105,0,19,40.6,-75.49,1.258064416,18103,23.9032239
18032,0,655,40.65,-75.46,1.257412182,18109,823.6049793
18510,0,622,41.41,-75.64,1.247434828,18505,775.9044632
19122,0,819,39.98,-75.15,1.061535197,19125,869.397326
19111,0,1336,40.06,-75.07,1.060296239,19152,1416.555775
19408,0,11,40.15,-75.4,1.05889993,19403,11.64789923
15226,0,1215,40.4,-80.01,1.055007535,15216,1281.834155
19560,0,665,40.4,-75.92,1.055007535,19605,701.5800107
18701,0,123,41.24,-75.89,1.041781715,18702,128.1391509
19043,0,160,39.9,-75.31,0.870820185,19070,139.3312296
19106,0,845,39.95,-75.14,0.870589172,19123,735.6478507
19133,0,428,39.99,-75.14,0.8704505,19125,372.5528139
19151,0,896,39.98,-75.26,0.8704505,19096,779.9236477
19399,0,5,40.05,-75.41,0.870126741,19087,4.350633703
19012,0,323,40.06,-75.11,0.870080468,19027,281.0359911
19453,0,143,40.14,-75.5,0.869756408,19460,124.3751663
15692,0,76,40.33,-79.68,0.868875501,15642,66.03453805
18944,0,1847,40.37,-75.29,0.868689804,18960,1604.470068
15213,0,804,40.44,-79.96,0.868364633,15203,698.1651651
15219,0,620,40.44,-79.98,0.868318159,15222,538.3572589
15224,0,866,40.46,-79.94,0.86827168,15232,751.9232753
16802,0,27,40.8,-77.86,0.866688339,16801,23.40058515
18503,0,192,41.41,-75.67,0.863833205,18505,165.8559753
16502,0,1024,42.11,-80.1,0.86053522,16508,881.188065
18101,0,234,40.6,-75.47,0.690008401,18103,161.4619658
15902,0,625,40.32,-78.91,0.689976068,15901,431.2350428
15907,0,6,40.32,-78.91,0.689976068,15901,4.139856411
19102,0,302,39.95,-75.17,0.530999636,19107,160.36189
19103,0,1111,39.95,-75.17,0.530999636,19107,589.9405954
17866,0,634,40.78,-76.54,0.524526239,17872,332.5496354
15001,1,1838,40.61,-80.25,0,15001,0
15044,1,1527,40.63,-79.94,0,15044,0
15068,2,2228,40.56,-79.75,0,15068,0
15102,1,1601,40.32,-80.03,0,15102,0
15146,2,1652,40.42,-79.76,0,15146,0
15201,1,1212,40.48,-79.94,0,15201,0
15203,1,912,40.43,-79.97,0,15203,0
15205,1,1650,40.44,-80.1,0,15205,0
15206,1,1955,40.47,-79.91,0,15206,0
15212,1,2188,40.46,-79.99,0,15212,0
15216,1,1873,40.4,-80.03,0,15216,0
15217,1,1499,40.43,-79.92,0,15217,0
15222,1,445,40.45,-79.99,0,15222,0
15230,0,3,40.43,-79.97,0,15203,0
15232,1,627,40.45,-79.93,0,15232,0
15236,1,1737,40.35,-79.98,0,15236,0
15237,1,2480,40.55,-80.04,0,15237,0
15238,1,697,40.54,-79.88,0,15238,0
15301,2,2937,40.17,-80.24,0,15301,0
15401,1,1408,39.89,-79.72,0,15401,0
15601,3,3516,40.31,-79.54,0,15601,0
15642,1,2459,40.32,-79.69,0,15642,0
15650,1,1646,40.31,-79.38,0,15650,0
15701,1,1354,40.62,-79.15,0,15701,0
15801,1,1400,41.14,-78.73,0,15801,0
15825,1,653,41.16,-79.08,0,15825,0
15901,2,233,40.33,-78.91,0,15901,0
16001,1,2494,40.86,-79.89,0,16001,0
16003,0,5,40.86,-79.89,0,16001,0
16063,1,485,40.78,-80.14,0,16063,0
16066,4,1660,40.71,-80.1,0,16066,0
16101,2,1853,40.99,-80.34,0,16101,0
16107,0,5,40.99,-80.34,0,16101,0
16137,1,426,41.22,-80.23,0,16137,0
16148,1,675,41.22,-80.44,0,16148,0
16335,1,1603,41.64,-80.14,0,16335,0
16505,1,1123,42.13,-80.14,0,16505,0
16508,1,1172,42.1,-80.09,0,16508,0
16509,3,1657,42.06,-80.04,0,16509,0
16602,2,2382,40.5,-78.4,0,16602,0
16603,0,5,40.5,-78.4,0,16602,0
16634,1,35,40.21,-78.17,0,16634,0
16701,1,600,41.96,-78.64,0,16701,0
16801,2,1799,40.79,-77.85,0,16801,0
16803,2,1127,40.8,-77.9,0,16803,0
16804,0,8,40.79,-77.85,0,16801,0
16805,0,2,40.79,-77.85,0,16801,0
17001,0,2,40.24,-76.92,0,17011,0
17003,1,684,40.33,-76.5,0,17003,0
17011,1,2403,40.24,-76.92,0,17011,0
17013,1,2178,40.2,-77.2,0,17013,0
17025,1,1319,40.28,-76.93,0,17025,0
17042,1,2482,40.34,-76.42,0,17042,0
17050,1,2088,40.24,-77.02,0,17050,0
17055,1,2578,40.21,-77,0,17055,0
17104,1,890,40.25,-76.86,0,17104,0
17109,1,1522,40.29,-76.82,0,17109,0
17110,1,1857,40.32,-76.89,0,17110,0
17112,1,2600,40.37,-76.78,0,17112,0
17113,1,1038,40.23,-76.83,0,17113,0
17201,2,1823,39.93,-77.65,0,17201,0
17325,1,1843,39.83,-77.23,0,17325,0
17331,1,3676,39.81,-76.98,0,17331,0
17402,2,2202,39.96,-76.66,0,17402,0
17404,1,2345,40,-76.77,0,17404,0
17408,1,1284,39.95,-76.81,0,17408,0
17520,1,416,40.1,-76.35,0,17520,0
17601,2,3043,40.07,-76.31,0,17601,0
17602,3,3033,40.04,-76.3,0,17602,0
17604,0,13,40.04,-76.3,0,17602,0
17605,0,2,40.04,-76.3,0,17602,0
17608,0,18,40.04,-76.3,0,17602,0
17701,2,2946,41.23,-77.03,0,17701,0
17703,0,9,41.23,-77.03,0,17701,0
17815,1,1688,41,-76.45,0,17815,0
17870,1,800,40.8,-76.86,0,17870,0
17872,1,688,40.78,-76.55,0,17872,0
17901,1,1537,40.67,-76.2,0,17901,0
18015,1,1709,40.59,-75.37,0,18015,0
18017,1,2077,40.66,-75.39,0,18017,0
18020,1,1005,40.67,-75.32,0,18020,0
18045,1,1522,40.69,-75.27,0,18045,0
18051,1,209,40.59,-75.66,0,18051,0
18052,1,1434,40.63,-75.48,0,18052,0
18103,2,2270,40.59,-75.47,0,18103,0
18104,1,2532,40.61,-75.55,0,18104,0
18109,1,790,40.64,-75.44,0,18109,0
18201,1,851,40.95,-75.97,0,18201,0
18202,1,537,40.96,-76,0,18202,0
18360,2,1346,40.98,-75.19,0,18360,0
18502,0,7,41.4,-75.66,0,18505,0
18504,1,1469,41.43,-75.7,0,18504,0
18505,2,1195,41.4,-75.66,0,18505,0
18508,1,838,41.45,-75.66,0,18508,0
18519,2,458,41.47,-75.62,0,18519,0
18702,2,2049,41.24,-75.87,0,18702,0
18703,0,9,41.24,-75.87,0,18702,0
18704,1,2253,41.26,-75.88,0,18704,0
18902,1,1250,40.36,-75.09,0,18902,0
18936,3,34,40.22,-75.23,0,18936,0
18951,1,2451,40.43,-75.34,0,18951,0
18960,1,899,40.36,-75.3,0,18960,0
18974,1,2307,40.21,-75.07,0,18974,0
19001,1,1019,40.12,-75.12,0,19001,0
19002,1,1934,40.15,-75.22,0,19002,0
19003,1,1032,40,-75.29,0,19003,0
19007,1,1116,40.1,-74.85,0,19007,0
19010,1,888,40.02,-75.31,0,19010,0
19013,2,1106,39.84,-75.37,0,19013,0
19016,0,12,39.84,-75.37,0,19013,0
19018,1,1224,39.92,-75.29,0,19018,0
19020,1,2556,40.1,-74.93,0,19020,0
19023,1,619,39.92,-75.26,0,19023,0
19027,1,1092,40.07,-75.12,0,19027,0
19044,1,1227,40.18,-75.13,0,19044,0
19050,1,936,39.94,-75.27,0,19050,0
19070,1,396,39.91,-75.32,0,19070,0
19087,2,1748,40.06,-75.4,0,19087,0
19096,1,701,39.99,-75.27,0,19096,0
19101,0,5,39.95,-75.16,0,19107,0
19104,1,1050,39.96,-75.2,0,19104,0
19105,0,5,39.95,-75.16,0,19107,0
19107,4,682,39.95,-75.16,0,19107,0
19114,1,1071,40.07,-75,0,19114,0
19115,1,745,40.09,-75.04,0,19115,0
19123,1,993,39.96,-75.15,0,19123,0
19125,1,1753,39.98,-75.13,0,19125,0
19127,1,493,40.03,-75.23,0,19127,0
19131,2,1361,39.99,-75.22,0,19131,0
19147,2,2459,39.94,-75.15,0,19147,0
19148,1,2045,39.91,-75.15,0,19148,0
19152,1,693,40.06,-75.05,0,19152,0
19301,1,451,40.04,-75.49,0,19301,0
19320,1,3579,39.98,-75.81,0,19320,0
19333,1,378,40.04,-75.42,0,19333,0
19348,1,1000,39.84,-75.71,0,19348,0
19355,1,1670,40.03,-75.51,0,19355,0
19372,1,186,40,-75.76,0,19372,0
19382,2,3149,39.93,-75.61,0,19382,0
19403,1,2803,40.15,-75.38,0,19403,0
19406,2,1866,40.09,-75.38,0,19406,0
19446,1,3415,40.24,-75.28,0,19446,0
19460,1,3347,40.13,-75.51,0,19460,0
19462,3,1122,40.1,-75.28,0,19462,0
19464,2,3590,40.25,-75.64,0,19464,0
19602,1,836,40.33,-75.92,0,19602,0
19603,0,13,40.33,-75.92,0,19602,0
19605,1,1351,40.4,-75.94,0,19605,0
19610,1,818,40.34,-75.97,0,19610,0
19611,1,645,40.32,-75.94,0,19611,0
19612,0,10,40.33,-75.92,0,19602,0
