Zipcode,Dispensary Count,Patient Count,Latitude,Longitude,Nearest Disp Distance,Nearest Disp Zipcode
18840,0,163,41.97,-76.53,56.84847593,18504
18810,0,90,41.95,-76.51,55.16860284,18504
16942,0,15,41.98,-77.38,54.84275787,17701
16950,0,44,41.91,-77.54,53.859773,17701
16928,0,5,41.95,-77.43,53.83758891,17701
16920,0,29,41.98,-77.31,53.75324437,17701
16929,0,35,41.99,-77.12,52.65663554,17701
16936,0,21,41.98,-76.95,51.92533799,17701
16925,0,61,41.95,-76.79,51.22134937,17701
16943,0,25,41.83,-77.61,51.17810917,17701
18831,0,20,41.89,-76.6,50.70903356,17701
16927,0,6,41.96,-77.66,50.48276372,16701
18850,0,40,41.84,-76.5,50.16135464,18504
16937,0,7,41.97,-77.71,47.90836458,16701
16935,0,19,41.89,-77.3,47.64974627,17701
16922,0,38,41.73,-77.64,46.82775035,17701
16946,0,35,41.9,-77.13,46.52794564,17701
16921,0,17,41.78,-77.54,46.26760624,17701
16948,0,19,41.9,-77.75,46.0546738,16701
18848,0,232,41.76,-76.44,44.59079086,18504
18830,0,4,41.99,-76.13,44.49102279,18508
18837,0,27,41.85,-76.34,44.02200388,18504
18814,0,3,41.78,-76.61,43.76566184,17701
18832,0,28,41.71,-76.47,43.61005489,18704
16914,0,32,41.83,-76.8,43.0908085,17701
18851,0,25,41.93,-76.18,42.51421234,18504
18854,0,23,41.79,-76.36,42.25871372,18504
17729,0,5,41.51,-77.74,41.66166286,17701
16947,0,152,41.78,-76.78,40.11107429,17701
16933,0,134,41.8,-77.07,39.39145717,17701
15861,0,9,41.38,-78.05,39.09147807,15801
18812,0,16,41.98,-75.92,38.46333584,18519
16351,0,48,41.68,-79.4,38.39735914,16335
16932,0,10,41.78,-76.94,38.24255862,17701
16923,0,18,41.98,-77.9,38.1387535,16701
16901,0,234,41.74,-77.3,37.88225129,17701
18340,0,2,41.42,-74.77,37.43183538,18360
18833,0,56,41.6,-76.44,37.36957884,18704
18818,0,10,41.91,-76.04,37.33823044,18519
18829,0,27,41.83,-76.18,37.14487843,18504
17764,0,79,41.32,-77.74,36.84363135,16803
18458,0,93,41.47,-74.91,36.82672875,18360
16720,0,70,41.63,-78.08,36.81248547,16701
15545,0,39,39.82,-78.72,36.5999714,15901
15834,0,157,41.51,-78.23,36.44877049,15801
15552,0,137,39.81,-79.02,36.34788298,15901
17760,0,17,41.37,-77.7,36.18138678,17701
16350,0,61,41.98,-79.34,36.07998855,16701
16340,0,48,41.81,-79.43,35.85921481,16509
16926,0,9,41.71,-76.77,35.76901084,17701
18336,0,99,41.37,-74.74,35.70476097,18360
15558,0,31,39.75,-79.08,35.39162858,15401
16371,0,131,41.85,-79.31,35.36788388,16701
16917,0,43,41.74,-77.07,35.25703845,17701
18845,0,9,41.79,-76.18,35.14727589,18504
16370,0,3,41.58,-79.46,35.07598026,15825
18821,0,17,41.97,-75.74,35.06056896,18519
16915,0,214,41.77,-78.01,35.04703173,16701
17778,0,3,41.3,-77.84,34.64522336,16803
18822,0,84,41.96,-75.74,34.38159355,18519
15832,0,14,41.34,-78.13,34.16516432,15801
18417,0,14,41.85,-75.22,33.41128412,18519
15542,0,51,39.86,-79.06,33.38742472,15901
17211,0,16,39.76,-78.4,33.36052648,16634
18461,0,3,41.9,-75.33,33.25279441,18519
18435,0,29,41.46,-74.98,33.22951545,18519
18828,0,3,41.8,-76.11,33.21000856,18504
15565,0,2,39.76,-79.12,33.15400587,15401
18853,0,82,41.66,-76.26,33.08934524,18504
16329,0,20,41.85,-79.26,32.85477365,16701
16321,0,3,41.57,-79.4,32.82276572,15825
18847,0,102,41.94,-75.6,32.45315322,18519
18443,0,19,41.67,-75.06,32.13750454,18519
18425,0,31,41.42,-74.99,32.10307668,18360
18614,0,86,41.52,-76.39,32.00669397,18704
18415,0,31,41.74,-75.12,31.90557025,18519
15534,0,42,39.9,-78.69,31.87466918,15901
16420,0,9,41.72,-79.54,31.53000129,16335
18846,0,51,41.64,-76.24,31.52932851,18504
16911,0,6,41.68,-77.1,31.26695245,17701
16912,0,50,41.68,-77.06,31.09406023,17701
16939,0,8,41.68,-77.01,31.07238106,17701
18337,0,421,41.32,-74.8,31.05329975,18360
15352,0,34,39.75,-80.45,31.04806915,15301
18469,0,7,41.69,-75.1,30.9284706,18519
18462,0,11,41.9,-75.46,30.80876601,18519
15538,0,20,39.89,-78.83,30.65221153,15901
17724,0,107,41.65,-76.85,30.45456302,17701
17267,0,71,39.77,-78.2,30.39890388,16634
16319,0,40,41.32,-79.62,30.21751224,15825
15557,0,104,39.91,-79.15,30.16803318,15650
16436,0,13,41.88,-79.51,29.9916415,16509
16938,0,11,41.58,-77.37,29.92446416,17701
16341,0,53,41.59,-79.57,29.72136225,16335
18457,0,8,41.47,-75.05,29.58639507,18519
16353,0,97,41.49,-79.44,29.48461184,15825
16346,0,111,41.37,-79.7,29.46230941,16137
18632,0,9,41.46,-76.38,29.43343761,18704
18439,0,5,41.85,-75.38,29.01792077,18519
18616,0,19,41.49,-76.6,28.66673355,17701
18626,0,11,41.41,-76.49,28.37004199,17815
15530,0,101,39.92,-78.95,28.36725974,15901
15316,0,4,39.76,-80.27,28.33205418,15301
16871,0,3,41.2,-78.02,28.30622096,16803
16402,0,22,41.99,-79.5,28.20569129,16509
18834,0,87,41.87,-75.72,28.08629874,18519
16746,0,42,41.77,-78.16,28.02068688,16701
18801,0,164,41.83,-75.87,28.01291454,18519
18623,0,86,41.64,-76.16,27.91043131,18504
17735,0,2,41.61,-76.86,27.67100935,17701
18465,0,50,41.86,-75.51,27.51072651,18519
17059,0,240,40.57,-77.39,27.42707864,17013
16301,0,793,41.42,-79.7,27.40715732,16335
17021,0,24,40.36,-77.67,27.17953915,17013
17723,0,2,41.44,-77.47,27.08845159,17701
16365,0,640,41.84,-79.14,27.07837143,16701
16347,0,50,41.69,-79.02,27.05607171,16701
15362,0,17,39.78,-80.22,26.92836953,15301
16405,0,20,41.95,-79.54,26.834806,16509
17768,0,12,41.56,-76.76,26.74865539,17701
18454,0,2,41.83,-75.43,26.72059143,18519
17076,0,5,40.62,-77.31,26.69394809,17870
15310,0,11,39.82,-80.45,26.59503266,15301
16344,0,17,41.47,-79.68,26.57537719,16335
16331,0,2,41.29,-79.56,26.56881524,15825
15550,0,103,40,-78.59,26.55294886,16634
15510,0,3,39.96,-79.04,26.44002785,15901
16313,0,87,41.78,-79.09,26.32861785,16701
15870,0,67,41.58,-78.68,26.30698767,16701
15540,0,10,39.8,-79.24,26.27120364,15401
16364,0,27,41.37,-79.5,26.23486237,15825
17731,0,3,41.4,-76.58,26.1879641,17701
18405,0,84,41.6,-75.15,25.97027034,18519
16820,0,36,40.92,-77.39,25.71630807,16801
16343,0,30,41.42,-79.74,25.70590516,16335
16352,0,10,41.75,-79.05,25.64357156,16701
16734,0,5,41.62,-78.84,25.63829107,16701
17751,0,320,41.1,-77.49,25.61088924,17701
16836,0,49,41.14,-78.24,25.56248408,15801
15553,0,7,39.98,-78.77,25.26027044,15901
18449,0,3,41.81,-75.44,25.24720822,18519
16213,0,5,41.13,-79.56,25.12433687,15825
18628,0,8,41.45,-76.29,25.0284088,18704
16850,0,2,41.07,-78.26,25.00319473,15801
17058,0,69,40.51,-77.55,24.93705942,16801
17082,0,84,40.53,-77.39,24.87969423,17013
16872,0,42,40.97,-77.36,24.87251504,17701
16434,0,43,41.82,-79.68,24.86947789,16509
18825,0,2,41.83,-75.61,24.85025828,18519
16864,0,3,41.15,-77.8,24.71164252,16803
17841,0,155,40.7,-77.31,24.60176944,17870
15559,0,53,40.04,-78.64,24.58643634,15901
16882,0,29,40.92,-77.3,24.49354328,17870
17094,0,86,40.56,-77.23,24.40310737,17110
16354,0,354,41.62,-79.67,24.37484648,16335
17049,0,107,40.65,-77.28,24.35680627,17870
15845,0,169,41.49,-78.67,24.35422373,15801
15501,0,609,40,-79.07,24.29273945,15901
17056,0,2,40.53,-77.36,24.28480758,17013
16373,0,70,41.18,-79.7,24.21188088,16001
16054,0,29,41.16,-79.65,24.20621218,16001
17238,0,60,39.86,-78.15,24.17123262,16634
16232,0,194,41.23,-79.53,23.94836734,15825
16822,0,99,41.07,-77.58,23.93697858,16801
17035,0,18,40.42,-77.55,23.92048942,17013
17758,0,31,41.35,-76.6,23.86408144,17701
16825,0,5,40.99,-78.32,23.78390858,15801
16878,0,91,40.94,-78.36,23.75253641,15801
16326,0,17,41.38,-79.43,23.71839518,15825
15821,0,13,41.35,-78.37,23.69804769,15801
16259,0,72,40.94,-79.45,23.68971554,16001
16620,0,35,40.84,-78.35,23.60720576,16602
16323,0,776,41.39,-79.83,23.58435036,16335
18328,0,302,41.22,-74.87,23.52257079,18360
15753,0,12,40.81,-78.62,23.48721765,15801
16248,0,132,41.04,-79.5,23.43574123,15825
15341,0,30,39.84,-80.34,23.37798333,15301
16666,0,168,40.89,-78.33,23.37276935,16803
18464,0,37,41.4,-75.18,23.35595154,18519
18816,0,9,41.74,-75.89,23.29218131,18508
15535,0,75,39.91,-78.37,23.25602924,16634
17765,0,24,41.55,-76.89,23.25101325,17701
16876,0,27,40.96,-78.29,23.21871983,16803
16407,0,335,41.92,-79.63,23.21673509,16509
15411,0,23,39.74,-79.33,23.18711227,15401
16748,0,39,41.96,-78.19,23.18096058,16701
15380,0,9,39.88,-80.46,23.1624809,15301
16826,0,37,41.06,-77.59,23.07165195,16801
18451,0,25,41.39,-75.19,23.00555767,18519
17745,0,1029,41.13,-77.45,22.95901083,17701
16845,0,29,41.12,-78.02,22.95657243,16803
15721,0,5,40.81,-78.78,22.9214294,15801
15551,0,11,39.87,-79.29,22.89783175,15401
15349,0,45,39.75,-80.11,22.88616472,15401
18428,0,572,41.47,-75.18,22.83863745,18519
16881,0,97,41.03,-78.32,22.71284976,15801
16345,0,63,41.94,-79.08,22.71135807,16701
16848,0,12,41.01,-77.53,22.60923528,16801
17739,0,5,41.4,-77.4,22.54388819,17701
16930,0,31,41.55,-77.1,22.38095871,17701
16735,0,236,41.66,-78.8,22.29198395,16701
16832,0,39,40.84,-77.43,22.28718334,16801
15522,0,567,40.01,-78.5,22.27184056,16634
17217,0,11,40.25,-77.7,22.23675084,17201
16651,0,156,40.82,-78.35,22.23628048,16602
16036,0,2,41.14,-79.68,22.22281467,16001
16861,0,13,40.86,-78.52,22.22281467,15801
16661,0,59,40.82,-78.44,22.18033209,16602
16692,0,24,40.74,-78.68,22.15798536,16602
16858,0,180,41.01,-78.22,22.15086313,16803
17212,0,29,39.84,-78.05,22.14825736,17201
17075,0,10,40.39,-77.83,21.83720575,16634
15539,0,26,40.13,-78.59,21.83553224,15901
18823,0,10,41.78,-75.7,21.7914712,18519
16255,0,100,41.1,-79.49,21.78927407,15825
16743,0,144,41.81,-78.27,21.70954861,16701
17726,0,2,41.12,-77.42,21.70544752,17701
18473,0,11,41.53,-75.21,21.6709076,18519
18826,0,53,41.76,-75.78,21.66140871,18519
16401,0,159,41.88,-80.41,21.65660962,16335
18619,0,5,41.43,-76.71,21.62333893,17701
18630,0,176,41.61,-76.04,21.5704391,18504
16374,0,68,41.26,-79.82,21.53415326,16137
17051,0,126,40.49,-77.74,21.49272161,16801
15857,0,618,41.42,-78.55,21.47469908,15801
18430,0,2,41.76,-75.47,21.4686233,18519
16443,0,79,41.94,-80.47,21.45373594,16505
15560,0,18,40.02,-78.91,21.38870208,15901
16645,0,6,40.8,-78.5,21.35716354,16602
15554,0,100,40.1,-78.64,21.34924872,15901
17213,0,10,40.25,-77.77,21.33239249,16634
15742,0,52,40.81,-78.83,21.31108408,15701
16334,0,16,41.29,-79.45,21.26255664,15825
16328,0,5,41.65,-79.73,21.23534775,16335
16854,0,79,40.89,-77.47,21.07566614,16801
15738,0,6,40.69,-78.76,21.05627753,15701
18844,0,77,41.69,-75.91,20.98680654,18504
17054,0,8,40.5,-77.73,20.98083145,16801
17062,0,134,40.55,-77.15,20.97038798,17110
16332,0,19,41.37,-79.37,20.92905738,15825
16663,0,15,40.8,-78.35,20.86656603,16602
16333,0,25,41.75,-78.93,20.83166869,16701
16681,0,10,40.8,-78.43,20.76040481,16602
16254,0,131,41.25,-79.46,20.75540753,15825
18629,0,88,41.56,-76.06,20.72177646,18504
16671,0,36,40.8,-78.39,20.7071201,16602
15502,0,21,40.03,-79.24,20.69120716,15650
16361,0,6,41.38,-79.35,20.69076756,15825
16855,0,6,41,-78.38,20.67438131,15801
15424,0,74,39.8,-79.35,20.63342573,15401
16404,0,49,41.73,-79.76,20.61685675,16335
16210,0,55,40.9,-79.5,20.61144519,16001
15541,0,110,40.04,-79,20.56781782,15901
16652,0,827,40.49,-78.01,20.5552684,16602
16220,0,6,41.42,-79.27,20.48727719,15825
18453,0,23,41.73,-75.43,20.46550233,18519
16863,0,14,40.9,-78.5,20.46397536,15801
18210,0,476,41,-75.58,20.43859338,18360
18431,0,493,41.57,-75.25,20.39362517,18519
17563,0,134,39.76,-76.18,20.34312547,17602
16656,0,46,40.77,-78.55,20.23024114,16602
17219,0,12,40.22,-77.7,20.18318454,17201
17044,0,1143,40.59,-77.57,20.16760593,16801
15737,0,21,40.6,-78.76,20.16515373,16602
15359,0,5,39.88,-80.28,20.12044218,15301
15773,0,27,40.63,-78.74,20.01396103,16602
16239,0,45,41.45,-79.08,20.01271598,15825
16238,0,28,40.79,-79.52,19.94668243,15068
17029,0,9,40.56,-77.62,19.94668243,16801
16834,0,18,41.05,-78.09,19.91211559,16803
15926,0,97,40.05,-78.82,19.8971846,15901
15772,0,63,40.86,-78.94,19.89297274,15701
17014,0,5,40.66,-77.19,19.83393112,17870
17845,0,103,40.86,-77.23,19.82992045,17870
18325,0,117,41.26,-75.27,19.76785274,18360
16847,0,14,41,-78.17,19.75626591,16803
17747,0,78,41.03,-77.3,19.72156094,17701
17037,0,35,40.43,-77.42,19.66861812,17013
15714,0,274,40.66,-78.78,19.64301907,15701
15724,0,65,40.72,-78.8,19.64064224,15701
16201,0,860,40.82,-79.52,19.5854492,16001
15370,0,403,39.89,-80.18,19.57869307,15301
18426,0,221,41.32,-75.3,19.51491671,18505
16654,0,2,40.49,-78.03,19.5023735,16602
17763,0,2,41.51,-76.98,19.49688287,17701
15536,0,18,39.93,-78.21,19.43448218,16634
16236,0,22,40.78,-79.52,19.4027315,15068
16724,0,3,41.75,-78.39,19.40238073,16701
16829,0,20,41.08,-77.87,19.38505906,16803
17314,0,279,39.76,-76.33,19.38357278,17602
16030,0,8,41.13,-79.79,19.35119438,16001
17812,0,45,40.74,-77.22,19.33424408,17870
15853,0,422,41.42,-78.72,19.32954925,15801
17060,0,46,40.51,-77.86,19.32756638,16801
15446,0,23,40.03,-79.39,19.32606031,15650
17210,0,7,40.21,-77.66,19.3257471,17201
16049,0,115,41.09,-79.68,19.30070144,16001
17066,0,311,40.38,-77.88,19.29572301,16634
16646,0,89,40.66,-78.7,19.26091167,16602
16852,0,18,40.94,-77.54,19.25767304,16801
16821,0,4,40.96,-78.2,19.20333299,16803
16667,0,61,40.18,-78.53,19.15973633,16634
15561,0,2,40.09,-79.09,19.10146927,15901
18445,0,105,41.3,-75.32,18.97960142,18505
18460,0,16,41.27,-75.34,18.90812477,18505
15622,0,52,40.04,-79.32,18.89758563,15650
16837,0,4,40.95,-78.47,18.87881265,15801
16410,0,76,41.9,-80.34,18.87275979,16508
19362,0,187,39.74,-76.04,18.87014636,19348
16372,0,8,41.2,-79.87,18.81132837,16137
17009,0,124,40.63,-77.56,18.80842643,16801
16616,0,8,40.77,-78.44,18.74863546,16602
16235,0,44,41.31,-79.38,18.74513382,15825
16221,0,2,41.1,-79.43,18.72519343,15825
17006,0,28,40.33,-77.51,18.67963963,17013
18466,0,724,41.18,-75.43,18.64195973,18360
15757,0,51,40.87,-78.72,18.63888707,15801
17321,0,88,39.75,-76.44,18.62141798,17402
16411,0,79,41.98,-80.44,18.58212045,16505
17220,0,16,40.19,-77.74,18.56225252,17201
16222,0,75,40.88,-79.24,18.55192848,15701
17536,0,69,39.82,-76.09,18.52656304,19320
18347,0,150,41.11,-75.56,18.4862265,18702
15741,0,6,40.8,-78.89,18.45650231,15701
16841,0,196,41.01,-77.65,18.4422571,16801
18438,0,68,41.43,-75.27,18.3811474,18519
16660,0,5,40.46,-78.05,18.37632216,16634
17776,0,11,41.41,-77.29,18.36486548,17701
16342,0,69,41.36,-79.93,18.36197417,16137
16223,0,3,40.99,-79.35,18.34150245,15825
17742,0,2,41.24,-76.6,18.31835036,17815
16260,0,5,41.4,-79.23,18.31063997,15825
17779,0,19,41.21,-77.38,18.28887553,17701
15555,0,12,40.1,-79.08,18.23970039,15901
16733,0,6,41.7,-78.58,18.20938688,16701
16839,0,52,41.01,-78.11,18.18965774,16803
15521,0,78,40.19,-78.62,18.11884107,15901
15459,0,61,39.73,-79.45,18.11733464,15401
17002,0,5,40.53,-77.81,18.06312724,16801
17233,0,277,39.93,-77.99,18.05923345,17201
16226,0,414,40.76,-79.53,18.00248304,15068
15346,0,37,39.94,-80.08,17.99379515,15301
15469,0,82,40.01,-79.42,17.95295975,15401
16134,0,173,41.48,-80.43,17.95010977,16148
15760,0,5,40.64,-78.81,17.92713257,15701
16627,0,129,40.74,-78.53,17.91541413,16602
18470,0,80,41.71,-75.49,17.88014933,18519
16677,0,19,40.81,-78.24,17.84054244,16803
17882,0,3,40.81,-77.2,17.84054244,17870
16840,0,36,40.92,-78.2,17.76475655,16803
15344,0,68,39.93,-80.05,17.74903781,15401
15924,0,45,40.1,-78.76,17.74205909,15901
18610,0,283,41.04,-75.52,17.73944895,18360
16830,0,892,41.02,-78.43,17.71881161,15801
16228,0,16,40.76,-79.54,17.66964588,15068
16233,0,39,41.36,-79.29,17.60882241,15825
16860,0,22,40.94,-78.18,17.56257485,16803
17099,0,80,40.64,-77.58,17.55243994,16801
16670,0,5,40.26,-78.51,17.54733778,16602
17762,0,16,41.28,-76.7,17.52841698,17701
16362,0,47,41.43,-79.95,17.52430338,16335
16655,0,71,40.23,-78.5,17.50835373,16634
16669,0,94,40.57,-78.04,17.49140707,16803
18824,0,78,41.7,-75.76,17.45193424,18519
17239,0,2,40.13,-77.85,17.40483643,17201
15322,0,101,39.97,-80.04,17.40113502,15301
16750,0,11,41.88,-78.32,17.3941181,16701
16866,0,553,40.89,-78.21,17.39109481,16803
18456,0,13,41.58,-75.32,17.31182137,18519
15327,0,47,39.75,-79.99,17.3095205,15401
16640,0,89,40.71,-78.58,17.30822503,16602
16256,0,12,40.87,-79.17,17.28256113,15701
15780,0,7,40.91,-79.07,17.25944105,15825
16020,0,52,41.11,-79.9,17.25930295,16001
15462,0,26,40.06,-79.38,17.24898315,15650
17228,0,41,39.97,-78.08,17.23188292,16634
15722,0,81,40.6,-78.7,17.23171657,16602
17829,0,2,40.9,-77.16,17.1671185,17870
15520,0,8,40.11,-79.06,17.12745259,15901
18624,0,21,41.05,-75.66,17.08538968,18702
15537,0,401,40.01,-78.36,17.07997313,16634
17748,0,17,41.15,-77.34,17.0768836,17701
15544,0,14,40.13,-79.1,17.06977395,15901
16430,0,2,42,-80.42,16.96656298,16505
17774,0,50,41.24,-76.52,16.95977475,17815
15762,0,13,40.59,-78.83,16.95563566,15701
15432,0,11,40.11,-79.86,16.89893615,15401
15337,0,17,39.95,-80.38,16.89621886,15301
15315,0,11,39.75,-79.98,16.87065733,15401
16859,0,22,41.02,-78.04,16.85757196,16803
16040,0,30,41.1,-79.83,16.85592184,16001
16317,0,46,41.53,-79.85,16.83488316,16335
16028,0,90,40.98,-79.61,16.83334407,16001
16849,0,8,40.97,-78.13,16.8135005,16803
17260,0,38,40.29,-77.87,16.79322681,16634
16879,0,22,40.96,-78.14,16.73004383,16803
15423,0,79,40.09,-79.93,16.72768157,15102
15746,0,5,40.76,-78.89,16.72748706,15701
16843,0,47,41.01,-78.46,16.71131295,15801
16242,0,166,41,-79.32,16.70183268,15825
18622,0,11,41.2,-76.27,16.69619341,17815
17772,0,90,41.1,-76.76,16.6951529,17701
15490,0,7,40.07,-79.42,16.69375746,15650
15377,0,38,39.99,-80.45,16.67650733,15301
18333,0,33,40.9,-75.49,16.64033126,18360
16680,0,13,40.74,-78.38,16.59362665,16602
16740,0,47,41.72,-78.64,16.56379413,16701
15744,0,3,40.92,-79.08,16.56148314,15825
15368,0,30,40.01,-79.99,16.55577349,15401
17255,0,38,40.18,-77.86,16.53219298,16634
15012,0,743,40.12,-79.86,16.47012143,15102
16218,0,31,40.93,-79.59,16.43448236,16001
16833,0,262,40.97,-78.51,16.42195413,15801
15348,0,19,39.99,-80,16.39272673,15401
17223,0,22,40.06,-77.93,16.39028392,16634
17074,0,478,40.47,-77.13,16.35294732,17110
18346,0,158,41.14,-75.42,16.31635033,18360
18350,0,78,41.11,-75.45,16.27827165,18360
15767,0,765,40.94,-78.97,16.2325296,15825
16435,0,84,41.8,-80.37,16.22841468,16335
17352,0,42,39.76,-76.5,16.21008739,17402
16611,0,99,40.55,-78.1,16.16816975,16602
16263,0,14,40.81,-79.33,16.1616309,15701
17737,0,304,41.23,-76.72,16.15006913,17701
17813,0,95,40.75,-77.16,16.11072232,17870
15450,0,19,40.01,-79.98,16.09812915,15401
15927,0,40,40.54,-78.78,16.02905613,15901
16214,0,463,41.21,-79.38,16.01589466,15825
15563,0,115,40.1,-78.95,16.00956998,15901
17215,0,28,40.08,-77.88,16.00065793,17201
15831,0,27,41.35,-78.6,15.99561973,15801
16683,0,11,40.62,-78.14,15.99286574,16602
17349,0,404,39.73,-76.69,15.94813348,17402
18235,0,1018,40.83,-75.71,15.93547362,18201
17749,0,5,41.07,-76.81,15.92452149,17701
15466,0,28,40.08,-79.89,15.91361762,15401
17302,0,115,39.82,-76.39,15.91341925,17602
15771,0,35,40.82,-79,15.88923615,15701
16682,0,14,40.27,-78.46,15.88275675,16634
15427,0,76,40.07,-79.97,15.87873038,15301
16212,0,30,40.75,-79.58,15.86472621,15068
18244,0,12,40.82,-75.67,15.80093174,18104
18058,0,514,40.88,-75.47,15.75009253,18017
18323,0,12,41.2,-75.27,15.74553722,18360
17045,0,139,40.6,-77,15.6366814,17870
15533,0,82,39.99,-78.24,15.6254306,16634
15438,0,107,40.1,-79.83,15.62030492,15401
15434,0,12,40.08,-79.88,15.61883615,15401
17086,0,72,40.69,-77.12,15.61389719,17870
16438,0,344,41.89,-79.84,15.61272467,16509
17024,0,90,40.41,-77.31,15.61115213,17013
16022,0,33,41.05,-79.73,15.55507697,16001
18424,0,314,41.24,-75.45,15.53314097,18505
17262,0,41,40.15,-77.71,15.50862958,17201
15364,0,27,39.95,-80.3,15.50849028,15301
17721,0,56,41.18,-77.32,15.50273381,17701
16668,0,129,40.63,-78.64,15.49053348,16602
16245,0,4,41.01,-79.3,15.46239789,15825
16875,0,172,40.86,-77.57,15.45121589,16801
15827,0,28,41.29,-78.51,15.44572392,15801
15412,0,6,40.09,-79.85,15.42726018,15401
16874,0,79,41.02,-77.95,15.40501826,16803
16110,0,9,41.5,-80.37,15.3439336,16335
15072,0,9,40.14,-79.86,15.33172979,15102
15631,0,31,40.09,-79.58,15.32595549,15601
17052,0,52,40.37,-77.97,15.28193942,16634
18655,0,336,41.15,-76.15,15.27404234,18202
18611,0,6,41.19,-76.3,15.2716856,17815
17856,0,126,41.04,-76.88,15.26932803,17701
15686,0,29,40.62,-79.44,15.24769339,15701
17886,0,47,41.02,-76.88,15.21707802,17870
17063,0,158,40.71,-77.58,15.20595689,16801
15333,0,138,40.02,-80.03,15.19623489,15301
15358,0,44,40.05,-80,15.17235668,15301
15464,0,46,39.96,-79.45,15.13349739,15401
16749,0,68,41.8,-78.44,15.11122707,16701
15477,0,25,40.08,-79.86,15.06810234,15401
15546,0,32,40.14,-79.05,15.05522558,15901
15868,0,64,41.26,-78.49,15.00164284,15801
17236,0,352,39.83,-77.9,14.972764,17201
17263,0,8,39.72,-77.72,14.9591271,17201
17363,0,519,39.75,-76.59,14.95879671,17402
15618,0,125,40.52,-79.47,14.95261654,15601
17243,0,65,40.24,-77.89,14.95223843,16634
16428,0,630,42.21,-79.83,14.95213803,16509
19363,0,719,39.78,-75.98,14.95065591,19348
18421,0,261,41.65,-75.46,14.93631368,18519
16730,0,2,41.82,-78.42,14.90221561,16701
17250,0,12,39.74,-77.52,14.82031538,17201
15483,0,21,40.08,-79.85,14.81359366,15401
15022,0,553,40.13,-79.9,14.8028192,15102
15419,0,114,40.06,-79.89,14.79843732,15401
15710,0,11,40.64,-78.87,14.78426509,15701
17240,0,99,40.13,-77.55,14.7830168,17201
17004,0,50,40.6,-77.72,14.78165141,16801
17097,0,22,40.57,-76.68,14.77175173,17112
17061,0,341,40.54,-76.95,14.76061141,17112
15357,0,50,39.94,-79.99,14.75325615,15401
17518,0,51,39.83,-76.25,14.72987589,17602
18371,0,20,41.16,-75.04,14.68503847,18360
15646,0,7,40.1,-79.34,14.64290361,15650
15683,0,342,40.1,-79.58,14.64290361,15601
16625,0,243,40.29,-78.44,14.64252169,16602
17023,0,167,40.58,-76.82,14.64236076,17112
15474,0,84,39.73,-79.9,14.61433342,15401
15376,0,64,40.1,-80.5,14.59120882,15301
15781,0,9,40.96,-78.99,14.5798978,15825
15841,0,12,41.26,-78.5,14.56987946,15801
17030,0,28,40.61,-76.74,14.54614158,17870
15778,0,10,40.97,-79.2,14.53216229,15825
17048,0,200,40.58,-76.76,14.52814614,17112
16424,0,225,41.65,-80.42,14.51095585,16335
18334,0,187,41.07,-75.44,14.46585712,18360
17068,0,248,40.41,-77.18,14.45599712,17050
16686,0,801,40.67,-78.24,14.4374519,16602
16249,0,69,40.79,-79.31,14.42887523,15701
17249,0,7,40.24,-77.9,14.42864974,16634
16130,0,63,41.44,-80.22,14.41226133,16335
15931,0,344,40.48,-78.72,14.40676576,15901
15334,0,6,39.81,-79.97,14.39449571,15401
15312,0,144,40.28,-80.47,14.33748358,15301
18030,0,11,40.8,-75.66,14.32648194,18104
18342,0,2,41.17,-75.3,14.31434784,18360
15492,0,6,40.12,-79.76,14.28730739,15642
15655,0,34,40.19,-79.16,14.27680395,15650
16151,0,5,41.44,-80.21,14.27167228,16335
16856,0,16,40.93,-77.65,14.25177998,16801
15338,0,68,39.84,-79.98,14.24698859,15401
18657,0,743,41.53,-75.94,14.23959321,18504
17506,0,23,40.12,-76.05,14.20213586,17601
17047,0,58,40.38,-77.33,14.19234658,17013
15433,0,21,39.98,-79.96,14.17872601,15401
16244,0,9,40.8,-79.28,14.1725222,15701
16050,0,64,41.04,-79.76,14.16116068,16001
15062,0,396,40.15,-79.88,14.15955516,15102
15547,0,15,40.16,-79.06,14.15891838,15901
17098,0,121,40.58,-76.61,14.15572423,17872
15846,0,155,41.32,-78.6,14.14787617,15801
18636,0,74,41.42,-76.05,14.14533364,18704
18656,0,128,41.28,-76.15,14.12520475,18704
16412,0,571,41.88,-80.17,14.11262322,16509
15715,0,53,40.97,-78.88,14.10712184,15801
15925,0,13,40.41,-78.64,14.09183968,16602
17214,0,84,39.73,-77.46,14.0532107,17325
16639,0,58,40.7,-78.45,14.04849657,16602
17005,0,7,40.6,-76.81,14.04799837,17870
15957,0,18,40.55,-78.9,14.01032611,15701
15729,0,35,40.69,-78.9,13.99746754,15701
16644,0,8,40.7,-78.44,13.95961148,16602
17271,0,13,40.11,-77.77,13.95524371,17201
18331,0,45,40.91,-75.44,13.94401723,18360
15429,0,9,40,-79.94,13.93144394,15401
16838,0,80,40.96,-78.61,13.91336726,15801
16131,0,36,41.55,-80.38,13.89856168,16335
17355,0,15,39.76,-76.69,13.8902992,17402
15677,0,25,40.14,-79.24,13.87082341,15650
16230,0,18,41.02,-79.27,13.84668292,15825
17084,0,151,40.68,-77.63,13.81859811,16801
17847,0,595,41,-76.85,13.81082795,17870
17980,0,131,40.58,-76.55,13.80037182,17872
15628,0,24,40.11,-79.38,13.79924629,15650
16262,0,120,40.83,-79.63,13.78074548,16001
16035,0,7,41.11,-80.01,13.75657412,16137
18229,0,599,40.87,-75.73,13.72332937,18201
18463,0,8,41.36,-75.4,13.72032303,18519
15033,0,277,40.17,-79.86,13.70758257,15102
18472,0,238,41.58,-75.4,13.7043287,18519
18012,0,17,40.81,-75.59,13.69734007,18052
15761,0,7,40.63,-78.89,13.68673207,15701
16406,0,137,41.75,-80.36,13.67955792,16335
18330,0,506,40.96,-75.45,13.66859548,18360
16057,0,526,41.07,-80.06,13.63033605,16137
17777,0,306,41.08,-76.86,13.62947321,17701
16360,0,47,41.67,-79.88,13.61546717,16335
17865,0,3,40.99,-76.79,13.6135564,17870
17814,0,191,41.19,-76.38,13.61102215,17815
16427,0,19,41.87,-79.97,13.59996486,16509
15948,0,16,40.49,-78.76,13.58184886,15901
17224,0,110,39.97,-77.9,13.55880998,17201
15313,0,14,40.07,-80.02,13.54238034,15301
16145,0,80,41.38,-80.08,13.52225155,16137
18071,0,665,40.8,-75.61,13.48368278,18104
18326,0,305,41.17,-75.25,13.48042461,18360
17266,0,23,40.09,-77.41,13.46248033,17013
15680,0,10,40.52,-79.5,13.44653655,15068
16731,0,76,41.95,-78.38,13.41227034,16701
15325,0,22,39.95,-79.96,13.40474011,15401
16664,0,53,40.18,-78.42,13.38847639,16634
15314,0,211,40.11,-80,13.36589951,15301
17372,0,198,40,-77.11,13.3494355,17325
18211,0,62,40.74,-75.82,13.33428431,18051
16224,0,32,41.05,-79.29,13.33293509,15825
15923,0,63,40.39,-79.15,13.32689239,15901
15687,0,45,40.13,-79.29,13.3003419,15650
15733,0,5,40.99,-78.96,13.29987608,15825
15320,0,218,39.89,-79.97,13.28657744,15401
15428,0,67,40.08,-79.68,13.27955918,15401
18413,0,12,41.65,-75.53,13.26932145,18519
18446,0,173,41.62,-75.78,13.26551478,18519
15473,0,95,40.08,-79.75,13.2051121,15401
16423,0,266,42.01,-80.34,13.20510499,16505
15922,0,28,40.52,-78.88,13.20487118,15901
17957,0,7,40.59,-76.52,13.20472857,17872
17756,0,572,41.2,-76.78,13.19070079,17701
17022,0,1604,40.15,-76.59,13.17125092,17520
15054,0,28,40.36,-80.4,13.16132059,15275
17251,0,3,40.12,-77.67,13.15171809,17201
17361,0,289,39.77,-76.68,13.15155619,17402
17509,0,163,39.91,-76.04,13.13403801,19320
15946,0,300,40.38,-78.67,13.12985007,15901
18441,0,17,41.66,-75.61,13.12261363,18519
17519,0,154,40.14,-76.02,13.12016656,19611
17309,0,73,39.86,-76.45,13.11827587,17402
16115,0,150,40.81,-80.42,13.10806041,16101
15531,0,174,40.16,-79.02,13.09210861,15901
15444,0,21,40.01,-79.91,13.05114425,15401
16311,0,3,41.47,-80.03,13.04443448,16335
16038,0,93,41.13,-80.01,13.04435698,16137
17963,0,469,40.54,-76.38,13.04116745,17901
16442,0,137,42,-79.8,13.0254513,16509
15345,0,80,40.01,-80.11,13.01230523,15301
16877,0,97,40.7,-78.11,13.00207986,16803
15004,0,33,40.34,-80.38,12.9971499,15275
17268,0,1734,39.75,-77.58,12.9645699,17201
18661,0,351,41.06,-75.77,12.91996686,18201
17555,0,210,40.12,-75.97,12.85580566,19320
15949,0,38,40.41,-79.13,12.85558727,15901
15938,0,143,40.42,-78.62,12.84166488,16602
16647,0,27,40.39,-78.11,12.81761832,16634
18212,0,7,40.77,-75.72,12.81401517,18051
16258,0,109,41.2,-79.32,12.81364718,15825
16125,0,659,41.4,-80.38,12.80802302,16148
15043,0,78,40.64,-80.49,12.78651496,15001
18344,0,169,41.12,-75.35,12.77475752,18360
17566,0,381,39.89,-76.16,12.74133974,17602
17578,0,178,40.23,-76.18,12.70538347,17520
16637,0,179,40.32,-78.45,12.6966404,16602
16114,0,24,41.4,-80.18,12.69122657,16137
17221,0,42,40.05,-77.83,12.64097927,17201
16041,0,76,40.99,-79.72,12.63479118,16001
16217,0,12,41.33,-79.17,12.63334792,15825
18635,0,182,41.05,-76.21,12.6127892,18202
15331,0,67,40.1,-80.02,12.61185428,15301
15448,0,4,40.14,-79.73,12.59822041,15642
17844,0,368,40.92,-77.04,12.54964977,17870
18436,0,701,41.45,-75.38,12.53557819,18519
18349,0,5,41.1,-75.37,12.53061504,18360
16417,0,471,42,-80.31,12.52763969,16505
17967,0,126,40.85,-76.23,12.51984948,17901
18324,0,422,41.09,-75,12.49716585,18360
17581,0,38,40.16,-76.05,12.47791282,19611
16619,0,24,40.68,-78.42,12.46461652,16602
15725,0,51,40.49,-79.36,12.46445954,15650
19559,0,18,40.49,-76.19,12.43125615,17901
17532,0,123,39.86,-76.29,12.43010952,17602
15936,0,68,40.15,-78.91,12.41938623,15901
17887,0,32,41.08,-76.9,12.3741259,17701
17229,0,64,40.08,-78.01,12.33782505,16634
15087,0,14,40.19,-79.85,12.32856009,15642
15417,0,344,40.01,-79.89,12.24872397,15401
15078,0,24,40.36,-80.38,12.24132331,15275
17978,0,8,40.62,-76.65,12.22569971,17872
15447,0,3,39.94,-79.94,12.18638225,15401
17740,0,531,41.2,-77.26,12.16253891,17701
15451,0,31,39.74,-79.84,12.15968608,15401
15612,0,18,40.14,-79.6,12.15104026,15601
15681,0,289,40.48,-79.44,12.14930137,15650
15960,0,25,40.5,-78.85,12.14909666,15901
16659,0,6,40.16,-78.39,12.14229234,16634
15940,0,53,40.5,-78.63,12.11461321,16602
16240,0,93,41.02,-79.22,12.11433376,15825
15711,0,15,41.01,-78.96,12.09954407,15825
15745,0,13,40.62,-78.92,12.09300023,15701
15021,0,312,40.38,-80.39,12.08247454,15275
15482,0,32,40.06,-79.77,12.02541225,15401
15479,0,44,40.15,-79.74,12.02370583,15642
19534,0,101,40.57,-75.89,12.02206229,19605
15679,0,144,40.15,-79.63,12.02170914,15601
16211,0,2,40.79,-79.2,12.02061385,15701
15764,0,2,40.99,-79.03,12.01817356,15825
17884,0,8,41.05,-76.67,12.00363091,17815
18427,0,14,41.4,-75.41,11.92811298,18519
19543,0,306,40.15,-75.9,11.91859656,19611
15759,0,53,40.77,-79.04,11.85344162,15701
17557,0,522,40.1,-76.09,11.84129778,17601
17570,0,5,40.13,-76.57,11.83625924,17520
18972,0,150,40.53,-75.12,11.83596575,18902
16246,0,2,40.79,-79.18,11.83567586,15701
17327,0,414,39.79,-76.73,11.82968364,17408
16250,0,8,40.78,-79.23,11.81267944,15701
16403,0,304,41.8,-80.06,11.79164398,16335
16055,0,401,40.73,-79.73,11.77724942,15068
19550,0,18,40.45,-76.25,11.74880859,17042
16673,0,250,40.33,-78.39,11.74162629,16602
18322,0,127,40.92,-75.4,11.74114362,18360
17861,0,6,40.77,-77.08,11.7229297,17870
15955,0,67,40.31,-78.69,11.7004657,15901
15050,0,90,40.59,-80.47,11.65267264,15001
17567,0,12,40.21,-76.11,11.62731735,19610
18977,0,179,40.28,-74.87,11.62501297,18974
15920,0,28,40.47,-79.05,11.61162216,15701
16624,0,2,40.57,-78.6,11.58396099,16602
17985,0,85,40.93,-76.25,11.5226966,17815
15460,0,3,39.81,-79.91,11.51291907,15401
17231,0,9,39.85,-77.84,11.50778929,17201
18603,0,1084,41.05,-76.24,11.50407174,17815
18617,0,126,41.17,-76.07,11.48829983,18702
15366,0,12,40.16,-79.97,11.48626607,15102
16141,0,61,40.83,-80.4,11.47884413,16101
18621,0,250,41.25,-76.1,11.47773946,18704
15828,0,41,41.32,-79.14,11.47517698,15825
15777,0,2,40.7,-78.96,11.40834021,15701
15439,0,2,39.74,-79.81,11.40283624,15401
17730,0,17,41.11,-76.88,11.39089943,17701
19529,0,174,40.63,-75.87,11.38277057,18051
17878,0,57,41.15,-76.36,11.36797982,17815
17517,0,706,40.23,-76.13,11.36134542,19610
19554,0,32,40.51,-76.1,11.34571607,19605
17771,0,137,41.39,-77.08,11.34387898,17701
19549,0,27,40.58,-76.02,11.3190543,17901
18921,0,10,40.53,-75.17,11.30645618,18951
19507,0,142,40.47,-76.29,11.29054911,17042
17862,0,13,40.86,-77.06,11.27064261,17870
18250,0,210,40.82,-75.84,11.26148388,18201
16120,0,71,40.85,-80.45,11.24628732,16101
15610,0,158,40.15,-79.42,11.2402701,15650
16225,0,4,41.26,-79.25,11.22971735,15825
17920,0,9,40.81,-76.34,11.20544488,17872
19567,0,338,40.36,-76.18,11.1713259,19610
17272,0,6,39.77,-77.62,11.15339082,17201
17837,0,699,40.96,-76.89,11.15192182,17870
15379,0,7,40.24,-80.43,11.15156908,15301
17535,0,76,39.98,-76.02,11.14611701,19320
15425,0,688,40.01,-79.58,11.1269468,15401
15921,0,31,40.32,-78.7,11.11130315,15901
17073,0,259,40.35,-76.21,11.10803593,17042
15736,0,12,40.69,-79.34,11.09158455,15701
17324,0,207,40.04,-77.18,11.08993866,17013
17960,0,144,40.68,-75.99,11.05393211,17901
17850,0,45,40.96,-76.86,11.04068134,17870
15747,0,73,40.78,-79.15,11.04033582,15701
15666,0,677,40.15,-79.54,11.03943529,15601
17040,0,93,40.34,-77.3,11.01091859,17013
16684,0,14,40.64,-78.3,11.00013567,16602
15430,0,7,40.04,-79.65,10.99598652,15401
19520,0,329,40.15,-75.83,10.99415837,19372
15360,0,93,40.08,-80.07,10.93753919,15301
18370,0,34,41.09,-75.34,10.91092167,18360
16693,0,168,40.46,-78.2,10.89302298,16602
17982,0,28,40.77,-76.04,10.87072173,17901
15962,0,12,40.39,-78.72,10.84939549,15901
19503,0,99,40.4,-75.58,10.82380002,19464
16853,0,61,40.94,-77.79,10.81732351,16801
15770,0,7,41.01,-79.14,10.81467838,15825
17241,0,550,40.17,-77.4,10.7840682,17013
17069,0,3,40.46,-76.98,10.76368625,17110
15476,0,8,39.87,-79.92,10.71998317,15401
17265,0,18,40.06,-77.76,10.70133573,17201
15063,0,662,40.19,-79.92,10.68958429,15102
15351,0,52,39.88,-79.92,10.65240095,15401
15863,0,19,41.01,-78.84,10.65231984,15801
15053,0,10,40.38,-80.36,10.65102042,15275
16234,0,6,41.13,-79.28,10.63630231,15825
15783,0,2,40.6,-79.35,10.60737437,15701
17529,0,143,40.04,-76.1,10.60605952,17602
15059,0,209,40.63,-80.45,10.60582008,15001
17981,0,147,40.62,-76.39,10.56532432,17901
17921,0,349,40.78,-76.34,10.56532194,17901
17853,0,96,40.69,-77,10.56381031,17870
15684,0,54,40.46,-79.5,10.56273784,15601
19526,0,662,40.55,-75.98,10.56233482,19605
15716,0,20,40.47,-79.19,10.56202121,15701
18252,0,576,40.8,-75.93,10.560541,18201
15943,0,150,40.47,-78.83,10.54135571,15901
18056,0,92,40.45,-75.55,10.53853904,18103
15413,0,15,39.99,-79.87,10.53849594,15401
18618,0,217,41.37,-76.02,10.52057079,18704
16662,0,181,40.31,-78.32,10.51063192,16634
18353,0,582,40.9,-75.36,10.46923689,18360
15776,0,2,41.01,-79.11,10.46885108,15825
16155,0,3,41.07,-80.51,10.45901564,16101
19351,0,3,39.78,-75.89,10.43373573,19348
15717,0,582,40.43,-79.26,10.42399653,15650
15930,0,5,40.29,-78.72,10.40847654,15901
18214,0,139,40.79,-76.08,10.40389537,17901
18091,0,319,40.84,-75.29,10.4034822,18045
17306,0,20,39.98,-77.25,10.40330743,17325
15629,0,50,40.6,-79.56,10.36987412,15068
17976,0,296,40.82,-76.21,10.36369185,17901
17017,0,71,40.65,-76.87,10.36366388,17870
15958,0,35,40.39,-78.73,10.36347332,15901
15329,0,56,40.02,-80.25,10.36278437,15301
16314,0,233,41.51,-80.04,10.36077687,16335
17225,0,809,39.79,-77.72,10.35115217,17201
18079,0,24,40.74,-75.66,10.35025188,18051
17560,0,250,39.9,-76.23,10.34918604,17602
18953,0,10,40.53,-75.19,10.3377463,18015
18038,0,163,40.78,-75.51,10.33591501,18109
17257,0,1398,40.04,-77.52,10.25670667,17201
19360,0,5,39.77,-75.88,10.25444215,19348
17522,0,1537,40.18,-76.18,10.2473611,17601
15324,0,56,40.1,-80.07,10.21631144,15301
15673,0,72,40.59,-79.56,10.20864349,15068
15470,0,45,39.87,-79.53,10.19309433,15401
15461,0,144,39.84,-79.9,10.17256363,15401
16745,0,4,41.92,-78.45,10.17236034,16701
15486,0,90,40.03,-79.66,10.17078848,15401
16153,0,60,41.33,-80.1,10.1699785,16137
18080,0,646,40.75,-75.61,10.16144237,18104
17968,0,18,40.64,-76.61,10.16105192,17872
17946,0,9,40.81,-76.26,10.16066139,17901
16689,0,22,40.08,-78.08,10.15673643,16634
15784,0,11,41.02,-79.14,10.15609945,15825
16111,0,14,41.53,-80.27,10.14893902,16335
17264,0,93,40.19,-77.98,10.14644019,16634
16726,0,19,41.82,-78.58,10.14563554,16701
15442,0,108,40.01,-79.83,10.13222236,15401
17039,0,2,40.29,-76.24,10.11358558,17042
18420,0,14,41.6,-75.71,10.11280832,18519
17087,0,99,40.44,-76.28,10.10756443,17042
15682,0,3,40.68,-79.64,10.10003818,15068
15613,0,660,40.58,-79.56,10.09211272,15068
15779,0,20,40.39,-79.22,10.09001963,15650
15734,0,11,40.72,-79.01,10.08539778,15701
17534,0,15,40.04,-76.11,10.07575675,17602
16695,0,38,40.22,-78.36,10.07360795,16634
17020,0,640,40.41,-77.04,10.0615751,17110
16136,0,57,40.83,-80.32,10.0487891,16063
18070,0,56,40.43,-75.53,10.01811945,18951
18240,0,277,40.86,-75.82,10.01202891,18201
19352,0,371,39.78,-75.88,9.947563059,19348
17562,0,118,40,-76.12,9.939073601,17602
15340,0,50,40.3,-80.32,9.917073612,15301
18302,0,837,41.11,-75.11,9.896643483,18360
19470,0,18,40.14,-75.8,9.88920988,19372
15688,0,32,40.17,-79.58,9.888356969,15601
17032,0,369,40.46,-76.93,9.887603614,17110
18088,0,497,40.75,-75.59,9.886145116,18104
16630,0,227,40.46,-78.58,9.877260146,16602
16327,0,102,41.63,-79.95,9.861279351,16335
17948,0,249,40.85,-76.12,9.853196429,18202
16622,0,8,40.33,-78.07,9.822694605,16634
18419,0,205,41.56,-75.78,9.8174846,18508
17868,0,21,40.96,-76.63,9.809441669,17815
15750,0,17,40.48,-79.18,9.788239409,15701
15475,0,46,39.96,-79.88,9.775401214,15401
17527,0,186,40.01,-75.99,9.773411539,19320
17247,0,2,39.8,-77.58,9.710445108,17201
15641,0,39,40.63,-79.59,9.703233893,15068
19504,0,245,40.38,-75.57,9.70175546,19464
15690,0,587,40.59,-79.57,9.694025287,15068
16140,0,3,41.09,-80.51,9.685452865,16148
17565,0,132,39.9,-76.31,9.67364706,17602
15410,0,41,39.91,-79.9,9.663963857,15401
16623,0,17,40.29,-78.02,9.6619761,16634
16061,0,105,41,-79.89,9.660680203,16001
16051,0,113,40.92,-80.14,9.66054576,16063
17983,0,73,40.64,-76.55,9.660310626,17872
15961,0,33,40.47,-78.91,9.659790631,15901
17304,0,189,39.97,-77.23,9.658953972,17325
17365,0,174,40.05,-76.94,9.654480126,17404
15323,0,175,40.12,-80.41,9.639733473,15301
17952,0,32,40.76,-76.06,9.622720819,17901
16025,0,173,40.94,-79.74,9.599749931,16001
18355,0,61,41.07,-75.33,9.596837149,18360
15437,0,96,39.78,-79.61,9.582575206,15401
19330,0,215,39.87,-75.92,9.578003853,19320
16828,0,240,40.84,-77.68,9.556783395,16801
19523,0,7,40.2,-75.85,9.549056915,19611
18625,0,23,41.51,-75.85,9.544670431,18504
15010,0,1573,40.76,-80.32,9.543199833,16063
17842,0,438,40.78,-77.04,9.540398483,17870
16823,0,1606,40.91,-77.76,9.529148471,16801
18232,0,282,40.83,-75.88,9.527794879,18201
17720,0,5,41.18,-77.2,9.508023963,17701
18218,0,131,40.82,-75.91,9.504964805,18201
18440,0,6,41.56,-75.77,9.496995886,18508
16421,0,136,42.17,-79.93,9.465365401,16509
18930,0,160,40.53,-75.21,9.382800841,18015
15727,0,17,40.56,-79.31,9.379436371,15701
15685,0,11,40.18,-79.49,9.351014726,15601
18053,0,110,40.72,-75.71,9.347111856,18051
15420,0,11,39.96,-79.87,9.317260018,15401
17752,0,228,41.17,-76.87,9.310642415,17701
19478,0,2,40.27,-75.46,9.298366334,19403
15067,0,96,40.2,-79.95,9.297014618,15102
17507,0,9,40.2,-76.02,9.297014618,19611
15361,0,8,40.33,-80.26,9.293497332,15275
18407,0,1037,41.57,-75.5,9.293215751,18519
17935,0,103,40.79,-76.28,9.284279416,17901
15658,0,403,40.24,-79.23,9.282612397,15650
18957,0,2,40.29,-75.45,9.277646053,18960
17322,0,339,39.85,-76.56,9.264378124,17402
19344,0,675,40.09,-75.91,9.258754239,19320
15656,0,593,40.63,-79.6,9.250756375,15068
19536,0,41,40.48,-75.76,9.237049723,18051
17949,0,17,40.8,-76.24,9.212749474,17901
18054,0,307,40.33,-75.47,9.21046527,18960
19506,0,341,40.43,-76.11,9.201424555,19605
15019,0,64,40.42,-80.35,9.198839176,15275
17936,0,33,40.75,-76.34,9.192962523,17901
16127,0,481,41.15,-80.08,9.191583245,16137
19346,0,2,39.79,-75.87,9.185048789,19348
16023,0,196,40.78,-79.75,9.183345057,16001
16117,0,961,40.86,-80.28,9.183345057,16063
17888,0,14,40.81,-76.38,9.15212678,17872
18352,0,20,41.01,-75.36,9.126032226,18360
17246,0,12,40.06,-77.68,9.109359804,17201
17323,0,25,40.08,-77.03,9.108980234,17055
16638,0,8,40.34,-78.2,9.10865098,16634
16440,0,42,41.77,-80.11,9.105013217,16335
15089,0,318,40.2,-79.76,9.068809065,15642
15937,0,43,40.21,-78.98,9.06859989,15901
19564,0,2,40.52,-75.87,9.064622276,19605
16229,0,242,40.68,-79.68,9.061267943,15068
17938,0,86,40.66,-76.48,9.059169322,17872
17941,0,23,40.66,-76.62,9.059169322,17872
17846,0,184,41.12,-76.52,9.052021923,17815
16422,0,19,41.67,-80.31,9.039200068,16335
17943,0,8,40.76,-76.38,9.024428485,17872
18041,0,422,40.42,-75.51,8.990760033,18951
17934,0,26,40.8,-76.21,8.985670404,17901
18920,0,27,40.49,-75.08,8.9853305,18902
17090,0,313,40.33,-77.19,8.985155312,17013
16143,0,93,41.09,-80.45,8.980488281,16101
19551,0,288,40.34,-76.14,8.975518836,19610
15823,0,70,41.27,-78.73,8.971061147,15801
15077,0,17,40.62,-80.42,8.9655639,15001
17945,0,13,40.79,-76.38,8.942936893,17872
19310,0,141,39.94,-75.97,8.931795728,19320
16415,0,521,42.03,-80.25,8.923232642,16505
15944,0,101,40.37,-79.07,8.885781375,15901
19547,0,243,40.37,-75.76,8.885781375,19602
16650,0,126,40.12,-78.29,8.882971364,16634
17261,0,12,39.86,-77.51,8.869980803,17201
18035,0,2,40.75,-75.54,8.859664236,18052
18220,0,18,40.84,-76.06,8.85642519,18202
18072,0,376,40.86,-75.25,8.856116459,18360
17512,0,1203,40.03,-76.49,8.854618679,17520
16441,0,478,41.94,-79.98,8.839384985,16509
17569,0,279,40.27,-76.11,8.832857484,19610
17821,0,1006,40.96,-76.61,8.810718394,17815
17867,0,5,40.71,-76.69,8.792741238,17872
15752,0,2,40.54,-79.28,8.78898796,15701
17925,0,14,40.75,-76.07,8.778754097,17901
15443,0,8,39.92,-79.88,8.749883135,15401
18444,0,709,41.33,-75.52,8.735738308,18505
16316,0,267,41.6,-80.3,8.733549916,16335
15455,0,4,40,-79.64,8.69739097,15401
17550,0,33,40.07,-76.58,8.695355683,17402
17244,0,85,40.05,-77.6,8.694048676,17201
17353,0,187,39.88,-77.38,8.690012353,17325
18092,0,136,40.47,-75.52,8.688397288,18103
15066,0,762,40.73,-80.3,8.68692859,15001
15866,0,12,41.02,-78.78,8.682619572,15801
16636,0,29,40.6,-78.5,8.678297269,16602
16056,0,291,40.75,-79.81,8.672292809,16001
16112,0,68,40.96,-80.5,8.620098694,16101
15851,0,458,41.09,-78.88,8.554888615,15801
15311,0,47,40.05,-80.2,8.546278043,15301
15350,0,44,40.29,-80.2,8.545521096,15301
15860,0,73,41.28,-79.12,8.539253964,15825
17237,0,117,39.84,-77.54,8.528618095,17201
15765,0,52,40.6,-78.99,8.526201115,15701
17547,0,620,40.05,-76.55,8.521719334,17402
17501,0,236,40.16,-76.2,8.515385913,17601
18241,0,30,40.94,-76.16,8.483989585,18202
18084,0,18,40.31,-75.5,8.477660237,19464
18979,0,2,40.3,-75.44,8.472919771,18960
18076,0,188,40.37,-75.48,8.46627628,18951
17253,0,10,40.21,-78.01,8.463739664,16634
15321,0,114,40.32,-80.19,8.450041268,15102
15639,0,95,40.2,-79.61,8.443691288,15601
18086,0,6,40.74,-75.55,8.433916908,18052
18332,0,164,41.09,-75.26,8.42593538,18360
18372,0,149,41.04,-75.33,8.40804848,18360
19544,0,5,40.42,-76.3,8.400120647,17042
18074,0,290,40.32,-75.51,8.397195298,19464
18958,0,3,40.29,-75.43,8.393901348,18960
16132,0,19,41,-80.5,8.393712961,16101
18627,0,2,41.32,-76.02,8.381122446,18704
15963,0,432,40.23,-78.82,8.380037111,15901
19501,0,66,40.24,-76.06,8.379649266,19610
18073,0,604,40.39,-75.49,8.378979422,18951
15026,0,207,40.51,-80.34,8.369161973,15001
17855,0,61,40.88,-76.98,8.367843254,17870
15052,0,144,40.65,-80.4,8.354639169,15001
15953,0,3,40.21,-78.89,8.346835138,15901
15731,0,5,40.5,-79.17,8.346676177,15701
16052,0,103,40.9,-80.04,8.326856926,16001
15849,0,88,41.21,-78.6,8.32341925,15801
16142,0,142,41.11,-80.33,8.297217445,16101
18013,0,871,40.86,-75.2,8.297095181,18360
19505,0,187,40.37,-75.63,8.296522685,19464
16657,0,68,40.33,-78.18,8.296485217,16634
16691,0,28,40.09,-78.18,8.296372872,16634
17316,0,441,39.93,-76.97,8.296111072,17331
17810,0,56,41.11,-77.03,8.280929027,17701
15695,0,20,40.2,-79.69,8.279619516,15642
15454,0,4,39.86,-79.87,8.237935976,15401
17516,0,231,39.93,-76.36,8.230282065,17602
17370,0,388,40.11,-76.71,8.229109088,17404
19492,0,51,40.28,-75.49,8.194087029,19464
17502,0,121,40.09,-76.67,8.165518403,17404
17033,0,866,40.28,-76.64,8.160505726,17003
15774,0,107,40.65,-79.3,8.152172041,15701
16613,0,67,40.55,-78.54,8.13877557,16602
18631,0,65,41.03,-76.3,8.108807687,17815
19473,0,1025,40.25,-75.46,8.094356665,19403
19511,0,4,40.49,-75.74,8.083630314,18051
18077,0,123,40.59,-75.19,8.080468762,18045
17368,0,513,40.02,-76.53,8.045634016,17402
17582,0,117,39.98,-76.43,8.043915809,17602
17342,0,12,39.85,-76.71,8.040769189,17402
15431,0,142,39.97,-79.61,8.03748722,15401
18068,0,9,40.48,-75.52,8.033492341,18103
16641,0,168,40.48,-78.55,8.021603439,16602
15954,0,94,40.41,-79.02,8.010500333,15901
15060,0,59,40.37,-80.29,8.008038877,15275
17252,0,162,39.92,-77.8,7.997706523,17201
17922,0,274,40.59,-76.09,7.9944771,17901
17552,0,1083,40.11,-76.5,7.976881298,17520
15365,0,3,40.16,-80.39,7.9699222,15301
18256,0,12,40.94,-76.15,7.968226329,18202
18354,0,62,40.92,-75.32,7.96250694,18360
16870,0,393,40.79,-78.05,7.896329963,16803
18255,0,293,40.94,-75.82,7.878668176,18201
18643,0,894,41.37,-75.84,7.87116539,18704
15728,0,126,40.66,-79.01,7.859343402,15701
17303,0,36,39.93,-77.3,7.838595404,17325
15422,0,13,39.98,-79.81,7.836133304,15401
19067,0,2350,40.2,-74.78,7.831943822,19007
16617,0,147,40.6,-78.33,7.822058924,16602
18660,0,185,41.06,-76.07,7.810648052,18202
18063,0,25,40.78,-75.18,7.802712557,18045
18335,0,14,41.07,-75.1,7.790524476,18360
15378,0,5,40.28,-80.27,7.753670657,15301
16665,0,12,40.39,-78.43,7.75290311,16602
17931,0,279,40.78,-76.23,7.751924724,17901
16844,0,149,40.91,-77.93,7.751469923,16803
17329,0,138,39.76,-76.85,7.731728777,17331
17320,0,525,39.78,-77.36,7.72994084,17325
15435,0,28,39.94,-79.85,7.720095569,15401
17572,0,90,40.01,-76.16,7.708935346,17602
16835,0,20,40.91,-77.88,7.662424134,16803
16156,0,111,41.11,-80.25,7.662161365,16137
15037,0,547,40.27,-79.88,7.639909841,15236
15848,0,22,41.03,-78.74,7.608674702,15801
16157,0,221,40.88,-80.33,7.608558424,16101
15698,0,35,40.21,-79.68,7.608040265,15642
17579,0,282,39.98,-76.18,7.593937724,17602
18942,0,174,40.46,-75.15,7.590948335,18902
17026,0,168,40.45,-76.42,7.58982891,17042
18245,0,8,40.85,-76.03,7.581895488,18201
15824,0,241,41.24,-78.79,7.576521421,15801
18615,0,103,41.46,-75.84,7.558696605,18504
19508,0,1027,40.26,-75.81,7.556526539,19602
19530,0,637,40.52,-75.77,7.539503243,18051
15478,0,278,39.8,-79.8,7.526994371,15401
15020,0,11,40.23,-79.95,7.512339728,15102
15864,0,142,41.1,-79.2,7.506350913,15825
15865,0,94,41.05,-78.81,7.484210859,15801
17311,0,9,39.82,-76.84,7.480470072,17331
15458,0,47,39.88,-79.86,7.472941556,15401
17317,0,19,39.97,-76.52,7.464324021,17402
18940,0,1496,40.22,-74.93,7.437301478,18974
17057,0,1686,40.19,-76.7,7.409924829,17113
17088,0,46,40.3,-76.29,7.39961646,17042
17360,0,353,39.85,-76.76,7.393169955,17408
15951,0,25,40.33,-78.77,7.392695342,15901
18938,0,734,40.36,-74.95,7.389420976,18902
17864,0,71,40.7,-76.91,7.382282914,17870
18039,0,11,40.55,-75.24,7.376109668,18015
17851,0,708,40.79,-76.41,7.375166984,17872
16034,0,72,40.85,-79.75,7.367486519,16001
18634,0,984,41.2,-76,7.314485303,18702
16685,0,14,40.29,-78.08,7.28742487,16634
17568,0,5,39.95,-76.23,7.235673267,17602
15632,0,472,40.41,-79.62,7.225705634,15642
15132,0,1058,40.33,-79.83,7.225435737,15146
15134,0,6,40.33,-79.83,7.225435737,15146
19516,0,7,40.49,-76.01,7.223545728,19605
15674,0,16,40.21,-79.5,7.216385639,15601
15640,0,17,40.22,-79.73,7.216305863,15642
17857,0,536,40.89,-76.79,7.212721716,17870
16729,0,23,41.96,-78.5,7.211861887,16701
19522,0,812,40.45,-75.82,7.207072904,19605
18433,0,434,41.57,-75.58,7.206292276,18519
19425,0,835,40.1,-75.64,7.190724884,19460
17340,0,639,39.74,-77.08,7.18766351,17331
17953,0,30,40.72,-76.08,7.184884834,17901
16744,0,8,41.87,-78.57,7.1835792,16701
15952,0,48,40.3,-78.78,7.171388326,15901
18242,0,8,40.91,-76.12,7.165076478,18202
15468,0,87,39.95,-79.83,7.161217211,15401
15038,0,6,40.25,-79.93,7.158744952,15102
18248,0,44,40.9,-76.11,7.091024341,18202
15480,0,68,39.99,-79.75,7.080870773,15401
17019,0,1033,40.11,-77.03,7.079977961,17055
17339,0,393,40.13,-76.86,7.07989673,17113
15626,0,306,40.41,-79.57,7.079165171,15601
18602,0,23,41.18,-75.76,7.071371579,18702
16511,0,655,42.17,-79.99,7.052157873,16508
17540,0,463,40.09,-76.18,7.026731684,17601
15928,0,61,40.23,-78.93,6.980182355,15901
19539,0,171,40.49,-75.68,6.979876558,18051
16124,0,54,41.32,-80.25,6.979015654,16137
16154,0,108,41.32,-80.42,6.979015654,16148
16732,0,6,41.86,-78.62,6.978258415,16701
15317,0,2512,40.26,-80.18,6.973673776,15301
15672,0,160,40.22,-79.6,6.972659944,15601
19472,0,9,40.34,-75.58,6.972051426,19464
19347,0,4,39.76,-75.79,6.970438211,19348
15031,0,30,40.35,-80.16,6.970021863,15205
18011,0,309,40.5,-75.6,6.966974178,18051
18065,0,4,40.7,-75.61,6.964736701,18104
17860,0,95,40.87,-76.61,6.961274687,17872
15088,0,31,40.27,-79.9,6.951560188,15236
15421,0,26,39.85,-79.6,6.950738123,15401
16865,0,106,40.72,-77.98,6.934812069,16803
18343,0,133,40.9,-75.11,6.928089752,18360
15730,0,5,41.06,-79.09,6.920411194,15825
17889,0,124,40.9,-76.87,6.920255021,17870
17307,0,334,39.93,-77.24,6.919674518,17325
17979,0,3,40.57,-76.2,6.900113972,17901
18062,0,1415,40.51,-75.55,6.900042069,18104
16027,0,17,40.82,-80.02,6.871167983,16063
18653,0,3,41.39,-75.82,6.818247313,18504
17310,0,8,39.88,-77.34,6.790531833,17325
15018,0,41,40.27,-79.8,6.758373421,15642
15934,0,4,40.28,-78.8,6.757639748,15901
15935,0,106,40.24,-78.96,6.748411416,15901
18059,0,86,40.72,-75.53,6.742844798,18052
15713,0,18,40.57,-79.26,6.736309607,15701
15083,0,60,40.26,-79.79,6.71228446,15642
15025,0,889,40.29,-79.88,6.7104584,15236
16426,0,256,41.99,-80.13,6.692661877,16509
15956,0,132,40.36,-78.79,6.664780658,15901
17067,0,659,40.37,-76.3,6.663892418,17042
19350,0,482,39.76,-75.78,6.658763804,19348
18640,0,1359,41.32,-75.78,6.650978748,18704
19435,0,9,40.33,-75.57,6.644323026,19464
18414,0,342,41.53,-75.73,6.608652047,18508
16116,0,104,41.02,-80.46,6.605791437,16101
15488,0,7,39.98,-79.76,6.562739749,15401
19562,0,179,40.5,-75.7,6.557241666,18051
15133,0,425,40.33,-79.86,6.484201943,15236
19342,0,825,39.89,-75.5,6.463198965,19382
15660,0,13,40.25,-79.77,6.418425693,15642
19541,0,229,40.47,-76.02,6.412360835,19605
17064,0,53,40.24,-76.47,6.408880565,17003
15829,0,50,41.18,-79.2,6.40775402,15825
15074,0,623,40.7,-80.28,6.407126628,15001
17505,0,42,40.05,-76.18,6.400466786,17602
19060,0,437,39.84,-75.49,6.382189754,19013
19450,0,19,40.25,-75.4,6.381945254,19446
18612,0,790,41.33,-75.96,6.377379579,18704
15135,0,262,40.31,-79.81,6.375444624,15642
19535,0,8,40.34,-75.8,6.37358558,19602
18946,0,8,40.29,-75.01,6.36626281,18974
19341,0,1227,40.03,-75.63,6.364566081,19355
19421,0,19,40.13,-75.63,6.355262217,19460
17923,0,28,40.66,-76.32,6.342801182,17901
17840,0,15,40.77,-76.43,6.332493656,17872
17508,0,45,40.12,-76.21,6.322788663,17601
17065,0,321,40.11,-77.18,6.299226657,17013
18950,0,14,40.45,-75.07,6.298838838,18902
19555,0,226,40.49,-75.96,6.298776732,19605
16738,0,54,41.87,-78.66,6.296485151,16701
17881,0,81,40.78,-76.67,6.294314378,17872
17744,0,129,41.24,-77.15,6.289141098,17701
17823,0,58,40.75,-76.76,6.27856905,17870
16053,0,223,40.8,-79.98,6.276410881,16001
18351,0,8,40.92,-75.1,6.270071172,18360
16133,0,40,41.27,-80.13,6.247724897,16137
17830,0,74,40.71,-76.85,6.232376539,17870
19545,0,18,40.34,-75.63,6.23218647,19464
19343,0,527,40.09,-75.77,6.232083408,19372
15748,0,254,40.53,-79.15,6.210054038,15701
19039,0,7,39.9,-75.5,6.199676894,19382
17036,0,1268,40.26,-76.71,6.170778475,17109
16629,0,2,40.53,-78.51,6.151402013,16602
17407,0,102,39.88,-76.71,6.125290343,17402
15689,0,5,40.23,-79.49,6.119718819,15601
15064,0,34,40.36,-80.15,6.117645056,15205
15057,0,867,40.37,-80.23,6.11748544,15275
15009,0,754,40.69,-80.3,6.113650655,15001
15676,0,28,40.24,-79.47,6.083752035,15601
18642,0,294,41.36,-75.77,6.047160582,18504
16727,0,12,41.99,-78.53,6.031650462,16701
19390,0,532,39.82,-75.82,6.011684867,19348
17343,0,7,39.87,-77.33,5.991156976,17325
15143,0,1005,40.57,-80.15,5.940307213,15001
19052,0,6,39.9,-75.45,5.934914945,19013
17554,0,475,40.04,-76.43,5.926152285,17520
18910,0,14,40.42,-75.17,5.912082158,18902
17319,0,695,40.15,-76.79,5.911570998,17113
15363,0,51,40.25,-80.2,5.911366257,15301
15909,0,236,40.41,-78.87,5.909727184,15901
15131,0,459,40.34,-79.8,5.909624675,15146
17964,0,18,40.7,-76.51,5.905929234,17872
18066,0,316,40.65,-75.74,5.901931976,18051
19017,0,5,39.89,-75.46,5.898737344,19013
19331,0,4,39.88,-75.52,5.896496658,19382
17801,0,1111,40.86,-76.78,5.892637664,17870
18224,0,403,41.01,-75.89,5.885983451,18201
18943,0,8,40.26,-74.98,5.87795649,18974
19353,0,3,40.04,-75.62,5.874416602,19355
15942,0,73,40.38,-78.82,5.871190694,15901
15330,0,273,40.18,-80.13,5.86255522,15301
15047,0,32,40.31,-79.8,5.850659515,15642
19565,0,540,40.33,-76.08,5.848957331,19610
18321,0,90,41.03,-75.28,5.834324919,18360
15449,0,28,39.96,-79.78,5.786364765,15401
17356,0,1626,39.89,-76.6,5.786364765,17402
16510,0,1378,42.11,-79.95,5.772283764,16509
17754,0,593,41.24,-76.92,5.77163918,17701
15342,0,335,40.25,-80.21,5.743299143,15301
15670,0,177,40.39,-79.41,5.74252525,15650
18707,0,903,41.16,-75.9,5.737811278,18702
19365,0,467,39.95,-75.91,5.69805291,19320
19438,0,1382,40.27,-75.38,5.677135073,19446
15045,0,261,40.32,-79.88,5.671344467,15236
16039,0,6,40.83,-79.79,5.634225923,16001
15489,0,11,39.97,-79.7,5.620730941,15401
15616,0,5,40.23,-79.56,5.620055679,15601
15663,0,20,40.24,-79.67,5.620035796,15642
17038,0,470,40.41,-76.48,5.619856793,17003
16635,0,634,40.42,-78.42,5.619677691,16602
18036,0,734,40.51,-75.39,5.619498491,18015
15065,0,641,40.64,-79.73,5.619398894,15068
15015,0,50,40.63,-80.08,5.619259409,16066
17347,0,468,40.06,-76.7,5.560622922,17404
17521,0,3,40.16,-76.42,5.557054173,17520
15110,0,174,40.37,-79.85,5.547396094,15217
17824,0,214,40.86,-76.54,5.545117003,17872
16059,0,487,40.71,-79.93,5.545085308,15044
15723,0,4,40.7,-79.16,5.545083196,15701
15090,0,1123,40.63,-80.05,5.545068416,15237
19512,0,1059,40.33,-75.63,5.545005155,19464
15856,0,32,41.08,-78.66,5.521846886,15801
17728,0,243,41.31,-77.03,5.520715542,17701
17235,0,6,39.86,-77.7,5.512178229,17201
17362,0,745,39.88,-76.86,5.511820538,17408
15847,0,14,41.09,-79.03,5.490056704,15825
15668,0,601,40.46,-79.67,5.48905881,15146
15465,0,7,39.94,-79.64,5.473924584,15401
17366,0,331,39.91,-76.58,5.472972106,17402
17010,0,2,40.28,-76.58,5.45529945,17003
17028,0,212,40.39,-76.68,5.454061847,17112
17961,0,321,40.65,-76.1,5.432886415,17901
18251,0,6,41.01,-76.08,5.422568702,18202
19063,0,2031,39.92,-75.42,5.357312253,19070
19518,0,994,40.26,-75.74,5.331174455,19464
15028,0,9,40.31,-79.79,5.326542863,15642
18917,0,144,40.37,-75.2,5.32267885,18960
17576,0,14,40.04,-76.2,5.303030598,17602
15032,0,5,40.64,-79.84,5.301744933,15044
15697,0,232,40.24,-79.58,5.272143932,15601
19525,0,993,40.32,-75.6,5.272026743,19464
18925,0,281,40.29,-75.05,5.271557888,18902
17077,0,13,40.4,-76.54,5.27108888,17003
15076,0,82,40.61,-79.84,5.268624102,15238
17933,0,16,40.6,-76.24,5.267919125,17901
17859,0,155,41.07,-76.41,5.263210975,17815
16159,0,149,41.15,-80.48,5.261441813,16148
18471,0,21,41.52,-75.7,5.257897852,18508
18980,0,15,40.27,-75.01,5.215618656,18974
18078,0,325,40.67,-75.61,5.204465022,18104
17078,0,1472,40.3,-76.59,5.184625511,17003
18641,0,435,41.34,-75.72,5.183984747,18505
18081,0,18,40.56,-75.28,5.16790754,18015
17832,0,26,40.81,-76.46,5.153699817,17872
18403,0,486,41.5,-75.53,5.108776344,18519
15436,0,109,39.82,-79.75,5.086073937,15401
19054,0,889,40.17,-74.82,5.084260986,19007
15332,0,420,40.25,-80,5.083288192,15102
15082,0,17,40.38,-80.21,5.082444243,15275
17350,0,930,39.86,-77.05,5.075625684,17331
17007,0,297,40.15,-77.13,5.062264859,17013
15624,0,15,40.36,-79.47,5.055955355,15601
15623,0,48,40.37,-79.62,5.055560548,15642
16674,0,32,40.17,-78.09,5.053312379,16634
17930,0,28,40.71,-76.12,5.027298579,17901
17827,0,59,40.76,-76.94,5.02259389,17870
18708,0,554,41.31,-75.95,5.018210948,18704
17222,0,602,39.91,-77.56,4.976219431,17201
18963,0,13,40.38,-75,4.946046996,18902
19317,0,506,39.86,-75.59,4.94504356,19382
17313,0,774,39.89,-76.64,4.944968428,17402
19316,0,12,40.05,-75.83,4.944742938,19320
19047,0,1723,40.17,-74.91,4.944442071,19020
19430,0,6,40.22,-75.4,4.944316639,19403
19474,0,63,40.22,-75.4,4.944316639,19403
15061,0,787,40.68,-80.27,4.943160772,15001
18247,0,4,41.03,-75.98,4.942279147,18202
16046,0,869,40.69,-80.01,4.92375105,16066
17345,0,531,40.06,-76.72,4.91622265,17404
18034,0,424,40.53,-75.42,4.905441855,18015
18320,0,19,41,-75.28,4.904040151,18360
17959,0,68,40.73,-76.15,4.902584554,17901
17836,0,5,40.72,-76.6,4.901563148,17872
16563,0,4,42.12,-79.99,4.874015615,16509
19073,0,1093,39.97,-75.43,4.858621636,19333
17016,0,30,40.27,-76.41,4.858617308,17042
18947,0,319,40.43,-75.1,4.858616011,18902
16648,0,940,40.43,-78.39,4.858615003,16602
16433,0,259,41.71,-80.13,4.858597674,16335
16105,0,765,41.06,-80.34,4.830419961,16101
15042,0,458,40.68,-80.25,4.830100756,15001
19030,0,598,40.17,-74.85,4.829673434,19007
17301,0,278,39.88,-76.98,4.829431048,17331
15055,0,62,40.31,-80.12,4.803313497,15102
19319,0,23,39.93,-75.52,4.780388012,19382
15034,0,127,40.35,-79.89,4.751044142,15236
18968,0,2,40.43,-75.43,4.745425711,18951
15456,0,128,39.92,-79.64,4.72790672,15401
19373,0,134,39.9,-75.53,4.727352617,19382
17833,0,13,40.8,-76.95,4.719319746,17870
19548,0,6,40.28,-75.72,4.707895668,19464
17015,0,1334,40.15,-77.26,4.688824417,17013
16633,0,8,40.16,-78.23,4.688513114,16634
15671,0,38,40.36,-79.32,4.683838811,15650
16102,0,236,40.96,-80.42,4.668051731,16101
18249,0,241,40.99,-76.08,4.668051731,18202
18507,0,312,41.35,-75.72,4.651192239,18505
17545,0,997,40.16,-76.39,4.650264343,17520
19465,0,1126,40.19,-75.68,4.649048458,19464
15732,0,59,40.68,-79.19,4.643225818,15701
18040,0,818,40.75,-75.23,4.6422759,18045
16672,0,12,40.17,-78.24,4.619106168,16634
18976,0,1043,40.25,-75.14,4.617372252,18974
19510,0,447,40.44,-75.87,4.609121514,19605
15225,0,108,40.51,-80.11,4.604333782,15237
18087,0,50,40.55,-75.59,4.602590803,18051
15627,0,401,40.33,-79.3,4.444667257,15650
18971,0,8,40.34,-75.38,4.442891291,18960
15112,0,193,40.4,-79.84,4.439336279,15146
19375,0,33,39.9,-75.74,4.436131872,19348
17584,0,475,39.98,-76.27,4.435059219,17602
16679,0,36,40.15,-78.2,4.433755082,16634
18914,0,1405,40.28,-75.2,4.433217575,18936
15693,0,14,40.25,-79.41,4.432987125,15650
15336,0,8,40.26,-80,4.432910296,15102
17085,0,9,40.28,-76.39,4.432756621,17042
16601,0,2559,40.56,-78.37,4.431064646,16602
16868,0,59,40.73,-77.88,4.429292801,16801
17543,0,2093,40.15,-76.3,4.349013416,17520
15906,0,598,40.38,-78.96,4.343681005,15901
15075,0,15,40.59,-79.83,4.338800175,15238
16033,0,378,40.76,-80.05,4.334840722,16066
18221,0,4,41,-75.92,4.329238499,18201
17702,0,665,41.18,-77.08,4.323856354,17701
15122,0,1145,40.36,-79.9,4.278835908,15236
18923,0,60,40.35,-75.17,4.278835908,18902
19423,0,2,40.21,-75.36,4.272918396,19403
15367,0,396,40.26,-80.05,4.272571308,15102
15637,0,128,40.26,-79.71,4.272571308,15642
17083,0,9,40.28,-76.44,4.272508174,17042
18949,0,7,40.42,-75.11,4.272255551,18902
15142,0,106,40.38,-80.12,4.272192375,15205
15239,0,1275,40.48,-79.74,4.272065997,15146
15108,0,2278,40.51,-80.16,4.271971192,15275
18049,0,1171,40.53,-75.49,4.271718289,18103
15046,0,150,40.55,-80.23,4.271655043,15001
16160,0,53,40.93,-80.36,4.270451878,16101
16113,0,9,41.28,-80.42,4.269531852,16148
16725,0,11,41.9,-78.66,4.267368933,16701
17834,0,273,40.79,-76.47,4.252255709,17872
19369,0,27,39.98,-75.89,4.246140653,19320
19426,0,2189,40.18,-75.45,4.24427451,19403
18966,0,2017,40.18,-75,4.242855434,18974
18216,0,82,40.94,-75.89,4.242306694,18201
15017,0,1032,40.35,-80.1,4.236223352,15102
17254,0,6,39.97,-77.59,4.2150519,17201
18956,0,8,40.25,-75.01,4.205300907,18974
18356,0,21,41.01,-75.12,4.204744337,18360
17944,0,5,40.67,-76.28,4.203124215,17901
15905,0,1100,40.29,-78.97,4.202507648,15901
18927,0,17,40.32,-75.24,4.201459351,18960
15235,0,2305,40.46,-79.82,4.197961786,15146
18518,0,648,41.37,-75.73,4.185980025,18505
19380,0,3370,39.99,-75.6,4.173502417,19382
19006,0,977,40.15,-75.03,4.173458657,19115
15959,0,2,40.27,-78.92,4.17340938,15901
18046,0,8,40.55,-75.56,4.17333263,18104
15091,0,2,40.57,-79.95,4.173327143,15044
15101,0,1384,40.57,-79.95,4.173327143,15044
15739,0,26,40.68,-79.16,4.173313425,15701
18083,0,26,40.75,-75.26,4.173294213,18045
18014,0,632,40.72,-75.39,4.140118733,18017
15754,0,32,40.56,-79.15,4.140046809,15701
15071,0,716,40.39,-80.18,4.139924633,15275
16506,0,1417,42.06,-80.15,4.139916459,16508
19056,0,742,40.15,-74.89,4.048359312,19007
15137,0,632,40.37,-79.8,4.044104941,15146
15056,0,73,40.56,-80.21,4.041104356,15001
17876,0,123,40.85,-76.82,4.037306364,17870
19311,0,356,39.82,-75.78,3.970928764,19348
19367,0,2,39.96,-75.88,3.963843441,19320
15634,0,53,40.33,-79.61,3.94604681,15601
15904,0,583,40.31,-78.84,3.94604681,15901
18651,0,674,41.24,-75.95,3.898187171,18704
17403,0,2268,39.92,-76.71,3.829767984,17402
17551,0,549,40,-76.35,3.827650391,17602
19053,0,1343,40.14,-74.98,3.825000236,19020
19457,0,11,40.21,-75.59,3.822081035,19464
18933,0,5,40.4,-75.04,3.818093557,18902
15035,0,163,40.38,-79.81,3.817561309,15146
17364,0,224,39.92,-76.87,3.799873541,17408
19008,0,1043,39.96,-75.35,3.799844734,19070
18932,0,34,40.29,-75.25,3.796810365,19446
15617,0,23,40.27,-79.66,3.796534087,15642
17537,0,11,40.01,-76.24,3.796388016,17602
18901,0,1982,40.31,-75.12,3.796165607,18902
15636,0,144,40.37,-79.66,3.796073468,15642
17972,0,666,40.62,-76.17,3.793305753,17901
18231,0,36,40.9,-76,3.790716546,18201
19061,0,1142,39.83,-75.44,3.786596097,19013
19608,0,1225,40.31,-76.03,3.784732162,19610
15104,0,458,40.4,-79.86,3.781224252,15217
16024,0,29,40.74,-80.04,3.769102447,16066
16123,0,88,40.81,-80.2,3.766356957,16063
18954,0,494,40.22,-75,3.766351293,18974
15644,0,1088,40.33,-79.62,3.760461627,15642
17315,0,1683,40,-76.84,3.714289694,17404
19442,0,34,40.13,-75.58,3.707236479,19460
16678,0,179,40.21,-78.24,3.702886509,16634
18434,0,346,41.46,-75.55,3.698655171,18519
15126,0,502,40.45,-80.25,3.689793125,15275
15840,0,127,41.14,-78.8,3.651788158,15801
17371,0,32,39.9,-76.79,3.609527482,17408
17406,0,1438,40.01,-76.64,3.609288697,17402
19468,0,1945,40.18,-75.53,3.608611563,19460
17027,0,7,40.16,-76.98,3.608491981,17055
15347,0,49,40.22,-80.22,3.608452115,15301
15638,0,17,40.26,-79.4,3.608093189,15650
15633,0,12,40.36,-79.52,3.607893686,15601
18964,0,797,40.31,-75.32,3.607893686,18960
18085,0,52,40.74,-75.25,3.606375212,18045
18237,0,240,40.9,-75.99,3.605534411,18201
15625,0,10,40.27,-79.68,3.490082386,15642
15014,0,208,40.61,-79.74,3.489911816,15068
15027,0,144,40.66,-80.24,3.489882379,15001
17970,0,219,40.72,-76.19,3.489847044,17901
17820,0,279,40.95,-76.46,3.489681996,17815
18222,0,506,41.01,-75.99,3.489676097,18202
17401,0,1045,39.96,-76.73,3.481894374,17404
17405,0,10,39.96,-76.73,3.481894374,17404
19124,0,1303,40.02,-75.09,3.480784473,19152
19481,0,21,40.09,-75.47,3.479488607,19460
19484,0,5,40.09,-75.47,3.479488607,19460
19014,0,1139,39.86,-75.43,3.476217467,19013
19540,0,706,40.28,-75.98,3.475965987,19611
15635,0,35,40.35,-79.5,3.475409085,15601
15615,0,12,40.36,-79.73,3.475223409,15642
17018,0,326,40.36,-76.93,3.475223409,17110
15147,0,1168,40.5,-79.84,3.471877675,15238
19538,0,15,40.55,-75.7,3.470947114,18051
18064,0,1414,40.73,-75.31,3.468338817,18045
19009,0,31,40.14,-75.06,3.464315153,19001
18706,0,1149,41.2,-75.91,3.458803972,18702
18644,0,456,41.3,-75.84,3.45767888,18704
15662,0,15,40.33,-79.48,3.456203302,15601
18931,0,18,40.34,-75.03,3.454919888,18902
18067,0,1210,40.68,-75.48,3.450077963,18052
19055,0,679,40.15,-74.85,3.449760763,19007
19058,0,20,40.15,-74.85,3.449760763,19007
16827,0,364,40.77,-77.79,3.436447006,16801
15148,0,173,40.39,-79.81,3.352640353,15146
18230,0,3,40.92,-75.92,3.336422453,18201
18219,0,71,40.99,-76.05,3.335193362,18202
17202,0,1425,39.92,-77.71,3.260977215,17201
19137,0,242,39.99,-75.07,3.258257948,19125
17538,0,379,40.09,-76.41,3.253264012,17520
19075,0,506,40.11,-75.18,3.252354827,19001
17072,0,22,40.23,-77.08,3.246891999,17050
19606,0,2272,40.34,-75.86,3.24232955,19602
15221,0,2011,40.44,-79.86,3.237757943,15217
16121,0,207,41.21,-80.5,3.201787009,16148
15484,0,6,39.89,-79.78,3.188779565,15401
19029,0,227,39.87,-75.29,3.187162143,19070
19395,0,13,39.93,-75.55,3.186925416,19382
19475,0,940,40.17,-75.54,3.184252595,19460
19490,0,12,40.19,-75.35,3.184028476,19403
19335,0,3337,40,-75.7,3.183676902,19372
19144,0,1605,40.03,-75.17,3.182283221,19127
18912,0,30,40.32,-75.06,3.182121724,18902
15202,0,1527,40.51,-80.07,3.179987012,15237
16002,0,643,40.82,-79.86,3.176496038,16001
19443,0,6,40.24,-75.34,3.172502936,19446
15145,0,442,40.42,-79.82,3.164085758,15146
15049,0,68,40.56,-79.81,3.157517372,15068
15006,0,21,40.63,-79.88,3.154226074,15044
19086,0,668,39.89,-75.37,2.99387128,19070
17318,0,40,40.02,-76.72,2.99010959,17404
19354,0,9,40.02,-75.71,2.99010959,19372
19401,0,1973,40.12,-75.33,2.986683466,19462
19404,0,10,40.12,-75.33,2.986683466,19462
15675,0,86,40.34,-79.64,2.979124624,15642
15024,0,512,40.54,-79.8,2.971536579,15068
17954,0,385,40.69,-76.25,2.967039098,17901
16851,0,85,40.81,-77.8,2.962878636,16801
19407,0,12,40.12,-75.42,2.961649815,19403
19437,0,51,40.18,-75.26,2.960990991,19002
15129,0,579,40.29,-79.99,2.957912934,15102
15678,0,40,40.29,-79.73,2.957912934,15642
15945,0,5,40.36,-78.87,2.957032422,15901
19118,0,485,40.07,-75.21,2.956501713,19127
18969,0,987,40.32,-75.32,2.955017407,18960
19533,0,404,40.44,-75.96,2.954607355,19605
18955,0,121,40.47,-75.32,2.954453521,18951
17974,0,15,40.7,-76.24,2.949529142,17901
18512,0,969,41.43,-75.6,2.949306829,18519
16161,0,61,41.2,-80.49,2.948599471,16148
16150,0,366,41.25,-80.48,2.937321323,16148
18411,0,1249,41.48,-75.7,2.932191211,18508
18929,0,419,40.25,-75.08,2.810067618,18974
17046,0,1858,40.38,-76.43,2.809938362,17042
15085,0,460,40.38,-79.75,2.809898571,15146
15116,0,709,40.52,-79.95,2.809799048,15201
15084,0,621,40.6,-79.76,2.809719387,15068
18106,0,358,40.57,-75.56,2.809709427,18104
17929,0,100,40.63,-76.19,2.809649653,17901
18037,0,464,40.67,-75.49,2.809649653,18052
15086,0,25,40.67,-80.11,2.809609792,16066
18254,0,38,40.91,-75.96,2.809370436,18201
18234,0,22,40.99,-75.96,2.809330512,18201
16507,0,602,42.14,-80.08,2.808179309,16508
18031,0,538,40.55,-75.66,2.760021619,18051
19031,0,301,40.11,-75.22,2.759811,19002
19057,0,910,40.14,-74.85,2.75980622,19007
19120,0,1070,40.03,-75.12,2.759772767,19027
19135,0,829,40.02,-75.05,2.759767989,19152
19078,0,734,39.87,-75.32,2.759696359,19070
19456,0,21,40.14,-75.46,2.736247451,19460
15241,0,998,40.33,-80.08,2.72910394,15102
18069,0,393,40.62,-75.6,2.71814886,18104
18042,0,2107,40.68,-75.22,2.715495183,18045
18043,0,9,40.68,-75.22,2.715495183,18045
18044,0,17,40.68,-75.22,2.715495183,18045
16146,0,665,41.23,-80.49,2.694902519,16148
18517,0,313,41.39,-75.71,2.688375383,18505
19145,0,1822,39.91,-75.2,2.65654392,19148
19150,0,632,40.07,-75.17,2.650353029,19027
15106,0,1318,40.4,-80.08,2.637518808,15216
18935,0,31,40.43,-75.39,2.636347696,18951
19074,0,327,39.88,-75.29,2.612599079,19070
19153,0,216,39.89,-75.23,2.61246052,19023
19141,0,705,40.04,-75.15,2.610380187,19027
19116,0,787,40.12,-75.01,2.609685933,19115
18916,0,2,40.33,-75.12,2.606347953,18902
18928,0,11,40.33,-75.12,2.606347953,18902
18913,0,17,40.39,-75.06,2.605930065,18902
17965,0,136,40.7,-76.17,2.601603689,17901
17831,0,4,40.83,-76.83,2.59978502,17870
18223,0,8,40.98,-75.94,2.597683398,18201
16503,0,689,42.13,-80.06,2.581463802,16508
19022,0,217,39.86,-75.33,2.535440476,19013
19132,0,790,40,-75.17,2.531829465,19125
19119,0,1273,40.05,-75.19,2.53053778,19127
19025,0,420,40.14,-75.16,2.528210054,19001
16694,0,5,40.19,-78.13,2.526397215,16634
17034,0,236,40.21,-76.79,2.525878878,17113
15243,0,690,40.38,-80.07,2.521466178,15216
18970,0,50,40.41,-75.38,2.5206862,18951
15204,0,511,40.46,-80.06,2.519905843,15205
15139,0,436,40.52,-79.84,2.517823045,15238
16029,0,38,40.88,-79.85,2.50894138,16001
19015,0,880,39.87,-75.39,2.326986714,19013
19094,0,297,39.87,-75.35,2.326986714,19013
19083,0,2061,39.97,-75.31,2.326110637,19003
19140,0,1089,40.01,-75.15,2.326043203,19125
19154,0,1098,40.1,-74.98,2.32543601,19114
19428,0,1655,40.07,-75.3,2.32543601,19462
19477,0,13,40.18,-75.24,2.324895863,19002
18915,0,103,40.27,-75.26,2.324287728,19446
15120,0,1224,40.4,-79.9,2.323205392,15217
15214,0,997,40.49,-80.01,2.322799122,15212
15051,0,45,40.57,-79.86,2.3222571,15238
18239,0,4,40.99,-75.98,2.319405455,18202
19374,0,38,39.83,-75.75,2.236617855,19348
19085,0,279,40.03,-75.35,2.231038102,19010
19138,0,808,40.06,-75.16,2.22986077,19027
19021,0,567,40.09,-74.89,2.228977167,19007
19405,0,441,40.1,-75.34,2.228977167,19406
19422,0,1245,40.14,-75.26,2.227503348,19002
15611,0,28,40.31,-79.65,2.222481651,15642
15619,0,31,40.32,-79.5,2.222481651,15601
15620,0,64,40.32,-79.34,2.222481651,15650
17053,0,370,40.33,-76.93,2.222185743,17110
18055,0,802,40.58,-75.33,2.214472114,18015
17951,0,13,40.68,-76.24,2.21179306,17901
18705,0,862,41.27,-75.84,2.194117199,18704
16504,0,876,42.11,-80.05,2.168616843,16508
19032,0,244,39.89,-75.28,2.136892495,19018
19366,0,2,39.9,-75.62,2.136876754,19382
19454,0,1548,40.21,-75.27,2.136388232,19446
19486,0,3,40.21,-75.29,2.136388232,19446
19440,0,1004,40.27,-75.29,2.136340901,19446
15696,0,12,40.28,-79.37,2.136277777,15650
19604,0,862,40.36,-75.91,2.136198848,19602
15227,0,1804,40.38,-79.97,2.136167269,15236
15228,0,984,40.37,-80.04,2.136135686,15216
15234,0,1025,40.37,-80.02,2.136135686,15216
15207,0,772,40.4,-79.93,2.136088304,15217
15223,0,609,40.51,-79.95,2.135961906,15201
15081,0,32,40.58,-80.24,2.135803816,15001
18018,0,2268,40.62,-75.36,2.135788001,18015
17344,0,312,39.81,-77.02,2.128322142,17331
15233,0,209,40.46,-80.03,2.108140697,15212
19143,0,2149,39.94,-75.23,2.107526024,19104
19129,0,573,40.01,-75.19,2.106656858,19131
17504,0,4,40.02,-76.33,2.106135053,17602
19035,0,208,40.04,-75.28,2.106135053,19010
19136,0,891,40.04,-75.02,2.105787056,19152
19444,0,663,40.08,-75.25,2.105090758,19462
19038,0,2069,40.1,-75.15,2.104742456,19001
19034,0,326,40.13,-75.19,2.104219815,19002
17111,0,1940,40.27,-76.79,2.101777823,17109
15647,0,22,40.34,-79.72,2.100904491,15642
15665,0,79,40.34,-79.66,2.100904491,15642
18962,0,30,40.34,-75.27,2.100554984,18960
19601,0,1332,40.36,-75.94,2.100554984,19610
15211,0,991,40.43,-80.02,2.098980968,15222
15209,0,847,40.5,-79.97,2.098105646,15201
15030,0,81,40.58,-79.78,2.096703846,15068
15003,0,980,40.59,-80.22,2.096177765,15001
15005,0,592,40.63,-80.22,2.095826921,15001
18327,0,39,40.98,-75.15,2.091799179,18360
18447,0,787,41.45,-75.59,2.081004402,18519
18016,0,12,40.63,-75.39,2.070043181,18017
15229,0,1050,40.52,-80.04,2.070003634,15237
15215,0,869,40.5,-79.91,2.069985666,15206
15136,0,1446,40.47,-80.1,2.069974888,15205
19607,0,1590,40.29,-75.94,2.069921027,19611
17093,0,8,40.31,-76.93,2.069917438,17025
15472,0,8,39.92,-79.72,2.069777639,15401
19036,0,633,39.89,-75.29,2.069777639,19018
15416,0,20,39.86,-79.72,2.0697669,15401
16546,0,3,42.1,-80.05,2.056015787,16508
15445,0,121,39.87,-79.7,1.741871272,15401
19064,0,1254,39.93,-75.34,1.741501782,19070
19121,0,1145,39.98,-75.18,1.741039676,19104
19149,0,769,40.04,-75.07,1.740299741,19152
19095,0,341,40.09,-75.14,1.740022088,19027
19436,0,22,40.2,-75.25,1.738817811,18936
17103,0,775,40.27,-76.88,1.738354149,17104
17105,0,15,40.27,-76.88,1.738354149,17104
17106,0,13,40.27,-76.88,1.738354149,17104
17108,0,3,40.27,-76.88,1.738354149,17104
17120,0,8,40.27,-76.88,1.738354149,17104
18934,0,19,40.34,-75.07,1.737518891,18902
18911,0,11,40.38,-75.28,1.737333163,18960
15220,0,1046,40.42,-80.05,1.736961581,15216
19072,0,650,40.02,-75.26,1.734392938,19127
17603,0,4184,40.03,-76.33,1.734180238,17602
16037,0,314,40.8,-80.12,1.733423323,16063
18301,0,1210,41,-75.17,1.731555216,18360
19040,0,1494,40.17,-75.1,1.731198286,19044
16621,0,49,40.2,-78.14,1.730558289,16634
17101,0,265,40.26,-76.89,1.729490841,17104
19609,0,676,40.33,-76,1.72778088,19610
18509,0,997,41.43,-75.64,1.727337674,18508
15218,0,1138,40.42,-79.89,1.725854171,15217
15144,0,328,40.55,-79.78,1.723065553,15068
16045,0,97,40.85,-79.92,1.716605174,16001
18452,0,325,41.48,-75.59,1.703143873,18519
19142,0,580,39.92,-75.23,1.593694572,19023
19139,0,1220,39.96,-75.23,1.592766913,19104
17043,0,579,40.24,-76.89,1.586251491,17011
19033,0,466,39.89,-75.33,1.478634065,19070
19076,0,367,39.89,-75.31,1.478634065,19070
19026,0,1572,39.94,-75.3,1.478557463,19018
19381,0,11,39.95,-75.6,1.478531924,19382
19383,0,3,39.95,-75.6,1.478531924,19382
19376,0,3,39.96,-75.82,1.478455297,19320
19041,0,279,40,-75.32,1.478353098,19010
19090,0,1306,40.14,-75.11,1.478046303,19001
17070,0,1392,40.23,-76.87,1.477764818,17104
15691,0,3,40.3,-79.68,1.477585565,15642
15210,0,1642,40.41,-79.98,1.477303687,15203
15208,0,486,40.45,-79.9,1.477201127,15206
15007,0,25,40.65,-79.93,1.476739229,15044
18709,0,270,41.28,-75.89,1.475117917,18704
18410,0,16,41.47,-75.67,1.474627603,18508
16501,0,92,42.12,-80.08,1.472945901,16508
16512,0,14,42.12,-80.08,1.472945901,16508
16514,0,14,42.12,-80.08,1.472945901,16508
18102,0,1789,40.61,-75.48,1.380022794,18052
19046,0,1202,40.09,-75.12,1.379893551,19027
19128,0,2262,40.05,-75.23,1.379883995,19127
19004,0,668,40.01,-75.22,1.379874441,19131
19358,0,5,39.96,-75.81,1.379867277,19320
19082,0,853,39.96,-75.27,1.379862501,19050
19079,0,261,39.9,-75.26,1.379852953,19023
19081,0,497,39.9,-75.34,1.267011451,19070
19146,0,2099,39.94,-75.18,1.266495549,19107
19130,0,1557,39.97,-75.18,1.266237469,19104
19134,0,1426,39.99,-75.11,1.265979303,19125
19066,0,234,40,-75.24,1.265850188,19131
19312,0,585,40.03,-75.44,1.265333515,19333
19126,0,412,40.06,-75.14,1.264945784,19027
17102,0,795,40.27,-76.91,1.262226305,17025
15661,0,33,40.32,-79.36,1.261707248,15650
15140,0,214,40.41,-79.78,1.260408128,15146
15127,0,3,40.56,-80.02,1.258585827,15237
18105,0,19,40.6,-75.49,1.258064416,18103
18032,0,655,40.65,-75.46,1.257412182,18109
18510,0,622,41.41,-75.64,1.247434828,18505
19122,0,819,39.98,-75.15,1.061535197,19125
19111,0,1336,40.06,-75.07,1.060296239,19152
19408,0,11,40.15,-75.4,1.05889993,19403
15226,0,1215,40.4,-80.01,1.055007535,15216
19560,0,665,40.4,-75.92,1.055007535,19605
18701,0,123,41.24,-75.89,1.041781715,18702
19043,0,160,39.9,-75.31,0.870820185,19070
19106,0,845,39.95,-75.14,0.870589172,19123
19133,0,428,39.99,-75.14,0.8704505,19125
19151,0,896,39.98,-75.26,0.8704505,19096
19399,0,5,40.05,-75.41,0.870126741,19087
19012,0,323,40.06,-75.11,0.870080468,19027
19453,0,143,40.14,-75.5,0.869756408,19460
15692,0,76,40.33,-79.68,0.868875501,15642
18944,0,1847,40.37,-75.29,0.868689804,18960
15213,0,804,40.44,-79.96,0.868364633,15203
15219,0,620,40.44,-79.98,0.868318159,15222
15224,0,866,40.46,-79.94,0.86827168,15232
16802,0,27,40.8,-77.86,0.866688339,16801
18503,0,192,41.41,-75.67,0.863833205,18505
16502,0,1024,42.11,-80.1,0.86053522,16508
18101,0,234,40.6,-75.47,0.690008401,18103
15902,0,625,40.32,-78.91,0.689976068,15901
15907,0,6,40.32,-78.91,0.689976068,15901
19102,0,302,39.95,-75.17,0.530999636,19107
19103,0,1111,39.95,-75.17,0.530999636,19107
17866,0,634,40.78,-76.54,0.524526239,17872
15001,1,1838,40.61,-80.25,0,15001
15044,1,1527,40.63,-79.94,0,15044
15068,2,2228,40.56,-79.75,0,15068
15102,1,1601,40.32,-80.03,0,15102
15146,2,1652,40.42,-79.76,0,15146
15201,1,1212,40.48,-79.94,0,15201
15203,1,912,40.43,-79.97,0,15203
15205,1,1650,40.44,-80.1,0,15205
15206,1,1955,40.47,-79.91,0,15206
15212,1,2188,40.46,-79.99,0,15212
15216,1,1873,40.4,-80.03,0,15216
15217,1,1499,40.43,-79.92,0,15217
15222,1,445,40.45,-79.99,0,15222
15230,0,3,40.43,-79.97,0,15203
15232,1,627,40.45,-79.93,0,15232
15236,1,1737,40.35,-79.98,0,15236
15237,1,2480,40.55,-80.04,0,15237
15238,1,697,40.54,-79.88,0,15238
15301,2,2937,40.17,-80.24,0,15301
15401,1,1408,39.89,-79.72,0,15401
15601,3,3516,40.31,-79.54,0,15601
15642,1,2459,40.32,-79.69,0,15642
15650,1,1646,40.31,-79.38,0,15650
15701,1,1354,40.62,-79.15,0,15701
15801,1,1400,41.14,-78.73,0,15801
15825,1,653,41.16,-79.08,0,15825
15901,2,233,40.33,-78.91,0,15901
16001,1,2494,40.86,-79.89,0,16001
16003,0,5,40.86,-79.89,0,16001
16063,1,485,40.78,-80.14,0,16063
16066,4,1660,40.71,-80.1,0,16066
16101,2,1853,40.99,-80.34,0,16101
16107,0,5,40.99,-80.34,0,16101
16137,1,426,41.22,-80.23,0,16137
16148,1,675,41.22,-80.44,0,16148
16335,1,1603,41.64,-80.14,0,16335
16505,1,1123,42.13,-80.14,0,16505
16508,1,1172,42.1,-80.09,0,16508
16509,3,1657,42.06,-80.04,0,16509
16602,2,2382,40.5,-78.4,0,16602
16603,0,5,40.5,-78.4,0,16602
16634,1,35,40.21,-78.17,0,16634
16701,1,600,41.96,-78.64,0,16701
16801,2,1799,40.79,-77.85,0,16801
16803,2,1127,40.8,-77.9,0,16803
16804,0,8,40.79,-77.85,0,16801
16805,0,2,40.79,-77.85,0,16801
17001,0,2,40.24,-76.92,0,17011
17003,1,684,40.33,-76.5,0,17003
17011,1,2403,40.24,-76.92,0,17011
17013,1,2178,40.2,-77.2,0,17013
17025,1,1319,40.28,-76.93,0,17025
17042,1,2482,40.34,-76.42,0,17042
17050,1,2088,40.24,-77.02,0,17050
17055,1,2578,40.21,-77,0,17055
17104,1,890,40.25,-76.86,0,17104
17109,1,1522,40.29,-76.82,0,17109
17110,1,1857,40.32,-76.89,0,17110
17112,1,2600,40.37,-76.78,0,17112
17113,1,1038,40.23,-76.83,0,17113
17201,2,1823,39.93,-77.65,0,17201
17325,1,1843,39.83,-77.23,0,17325
17331,1,3676,39.81,-76.98,0,17331
17402,2,2202,39.96,-76.66,0,17402
17404,1,2345,40,-76.77,0,17404
17408,1,1284,39.95,-76.81,0,17408
17520,1,416,40.1,-76.35,0,17520
17601,2,3043,40.07,-76.31,0,17601
17602,3,3033,40.04,-76.3,0,17602
17604,0,13,40.04,-76.3,0,17602
17605,0,2,40.04,-76.3,0,17602
17608,0,18,40.04,-76.3,0,17602
17701,2,2946,41.23,-77.03,0,17701
17703,0,9,41.23,-77.03,0,17701
17815,1,1688,41,-76.45,0,17815
17870,1,800,40.8,-76.86,0,17870
17872,1,688,40.78,-76.55,0,17872
17901,1,1537,40.67,-76.2,0,17901
18015,1,1709,40.59,-75.37,0,18015
18017,1,2077,40.66,-75.39,0,18017
18020,1,1005,40.67,-75.32,0,18020
18045,1,1522,40.69,-75.27,0,18045
18051,1,209,40.59,-75.66,0,18051
18052,1,1434,40.63,-75.48,0,18052
18103,2,2270,40.59,-75.47,0,18103
18104,1,2532,40.61,-75.55,0,18104
18109,1,790,40.64,-75.44,0,18109
18201,1,851,40.95,-75.97,0,18201
18202,1,537,40.96,-76,0,18202
18360,2,1346,40.98,-75.19,0,18360
18502,0,7,41.4,-75.66,0,18505
18504,1,1469,41.43,-75.7,0,18504
18505,2,1195,41.4,-75.66,0,18505
18508,1,838,41.45,-75.66,0,18508
18519,2,458,41.47,-75.62,0,18519
18702,2,2049,41.24,-75.87,0,18702
18703,0,9,41.24,-75.87,0,18702
18704,1,2253,41.26,-75.88,0,18704
18902,1,1250,40.36,-75.09,0,18902
18936,3,34,40.22,-75.23,0,18936
18951,1,2451,40.43,-75.34,0,18951
18960,1,899,40.36,-75.3,0,18960
18974,1,2307,40.21,-75.07,0,18974
19001,1,1019,40.12,-75.12,0,19001
19002,1,1934,40.15,-75.22,0,19002
19003,1,1032,40,-75.29,0,19003
19007,1,1116,40.1,-74.85,0,19007
19010,1,888,40.02,-75.31,0,19010
19013,2,1106,39.84,-75.37,0,19013
19016,0,12,39.84,-75.37,0,19013
19018,1,1224,39.92,-75.29,0,19018
19020,1,2556,40.1,-74.93,0,19020
19023,1,619,39.92,-75.26,0,19023
19027,1,1092,40.07,-75.12,0,19027
19044,1,1227,40.18,-75.13,0,19044
19050,1,936,39.94,-75.27,0,19050
19070,1,396,39.91,-75.32,0,19070
19087,2,1748,40.06,-75.4,0,19087
19096,1,701,39.99,-75.27,0,19096
19101,0,5,39.95,-75.16,0,19107
19104,1,1050,39.96,-75.2,0,19104
19105,0,5,39.95,-75.16,0,19107
19107,4,682,39.95,-75.16,0,19107
19114,1,1071,40.07,-75,0,19114
19115,1,745,40.09,-75.04,0,19115
19123,1,993,39.96,-75.15,0,19123
19125,1,1753,39.98,-75.13,0,19125
19127,1,493,40.03,-75.23,0,19127
19131,2,1361,39.99,-75.22,0,19131
19147,2,2459,39.94,-75.15,0,19147
19148,1,2045,39.91,-75.15,0,19148
19152,1,693,40.06,-75.05,0,19152
19301,1,451,40.04,-75.49,0,19301
19320,1,3579,39.98,-75.81,0,19320
19333,1,378,40.04,-75.42,0,19333
19348,1,1000,39.84,-75.71,0,19348
19355,1,1670,40.03,-75.51,0,19355
19372,1,186,40,-75.76,0,19372
19382,2,3149,39.93,-75.61,0,19382
19403,1,2803,40.15,-75.38,0,19403
19406,2,1866,40.09,-75.38,0,19406
19446,1,3415,40.24,-75.28,0,19446
19460,1,3347,40.13,-75.51,0,19460
19462,3,1122,40.1,-75.28,0,19462
19464,2,3590,40.25,-75.64,0,19464
19602,1,836,40.33,-75.92,0,19602
19603,0,13,40.33,-75.92,0,19602
19605,1,1351,40.4,-75.94,0,19605
19610,1,818,40.34,-75.97,0,19610
19611,1,645,40.32,-75.94,0,19611
19612,0,10,40.33,-75.92,0,19602
